class,species,stateProvi,locality,decimalLat,decimalLon,year,institutio
Mammalia,Peromyscus maniculatus,Montana,"LEWISTOWN, 20 MI NW OF; JUDITH RIVER",47.26722,-109.7278,1938,KU
Mammalia,Tamiasciurus hudsonicus,Montana,"ST MARY, 6 MI S OF",48.6567969,-113.4270158,1946,KU
Mammalia,Reithrodontomys megalotis,Montana,"CUSTER, 14 MI S OF; BIG HORN RIVER",45.9264443,-107.5744033,1946,KU
Mammalia,Peromyscus maniculatus,Montana,"MOSBY, 9.5 MI E OF",46.9922,-107.68271,1946,KU
Mammalia,Peromyscus maniculatus,Montana,"CUSTER, 14 MI S OF; BIG HORN RIVER",45.9264443,-107.5744033,1946,KU
Mammalia,Peromyscus maniculatus,Montana,"CUSTER, 14 MI S OF; BIG HORN RIVER",45.9264443,-107.5744033,1946,KU
Mammalia,Peromyscus maniculatus,Montana,"CUSTER, 14 MI S OF; BIG HORN RIVER",45.9264443,-107.5744033,1946,KU
Mammalia,Peromyscus maniculatus,Montana,"CUSTER, 14 MI S OF; BIG HORN RIVER",45.9264443,-107.5744033,1946,KU
Mammalia,Peromyscus maniculatus,Montana,"CUSTER, 14 MI S OF; BIG HORN RIVER",45.9264443,-107.5744033,1946,KU
Mammalia,Phenacomys intermedius,Montana,"ST MARY, 7 MI S OF; E FACE OF DIVIDE MT; TIMBERLINE",48.6671,-113.3821,1946,KU
Mammalia,Microtus ochrogaster,Montana,"GLENDIVE, 1 MI W OF",47.1053,-104.7336,1946,KU
Mammalia,Microtus ochrogaster,Montana,"CUSTER, 14 MI S OF; BIG HORN RIVER",45.9264443,-107.5744033,1946,KU
Mammalia,Microtus ochrogaster,Montana,"GLENDIVE, 1 MI W OF",47.1053,-104.7336,1946,KU
Mammalia,Zapus princeps,Montana,"ST MARY, 6 MI S OF",48.6567969,-113.4270158,1946,KU
Mammalia,Ochotona princeps,Montana,"ST MARY, 7 MI S OF; TIMBERLINE, E FACE DIVIDE MT",48.6671,-113.3821,1946,KU
Mammalia,Ochotona princeps,Montana,Quartzite ridge,46.9058,-110.8548,1939,KU
Mammalia,Thomomys talpoides,Montana,"LIVINGSTON, 4 MI S, 15 MI E OF; W BOULDER RIVER",45.60448,-110.25104,1947,KU
Mammalia,Thomomys talpoides,Montana,"LIVINGSTON, 4 MI S, 15 MI E OF; W BOULDER RIVER",45.60448,-110.25104,1947,KU
Mammalia,Thomomys talpoides,Montana,"LIVINGSTON, 4 MI S, 15 MI E OF; W BOULDER RIVER",45.60448,-110.25104,1947,KU
Mammalia,Thomomys talpoides,Montana,PRYOR MOUNTAINS; HEAD OF SAGE CREEK,45.1901,-108.4423,1947,KU
Mammalia,Urocitellus columbianus,Montana,"BROWNING, 13 MI N, 20 MI W OF",48.74504,-113.44943,1948,KU
Mammalia,Microtus pennsylvanicus,Montana,"BLACKFEET, 10 MI S, 4 MI E OF",48.4360019,-112.7894933,1948,KU
Mammalia,Microtus pennsylvanicus,Montana,"BLACKFEET, 10 MI S, 4 MI E OF",48.4360019,-112.7894933,1948,KU
Mammalia,Microtus pennsylvanicus,Montana,"BLACKFEET, 10 MI S, 4 MI E OF",48.4360019,-112.7894933,1948,KU
Mammalia,Microtus pennsylvanicus,Montana,"MALTA, 1 MI N, 1 MI W OF",48.37417,-107.89602,1948,KU
Mammalia,Microtus pennsylvanicus,Montana,"MALTA, 1 MI N, 1 MI W OF",48.37417,-107.89602,1948,KU
Mammalia,Microtus pennsylvanicus,Montana,Springdale,45.7382,-110.2267,1948,KU
Mammalia,Microtus pennsylvanicus,Montana,Springdale,45.7382,-110.2267,1948,KU
Mammalia,Microtus ochrogaster,Montana,"CULBERTSON, 5 MI S, 3 MI E OF",48.0718885,-104.4519579,1948,KU
Mammalia,Microtus ochrogaster,Montana,"CUSTER, 15 MI S OF",45.9132445,-107.5594027,1948,KU
Mammalia,Callospermophilus lateralis,Montana,"AUGUSTA, 6.5 MI N, 17.2 MI W OF",47.5835028,-112.7615779,1949,KU
Mammalia,Tamias amoenus,Montana,"BABB, 1.5 MI S, 2.5 MI W OF",48.83859,-113.49163,1949,KU
Mammalia,Tamias amoenus,Montana,"AUGUSTA, 6.5 MI N, 17.2 MI W OF",47.5835028,-112.7615779,1949,KU
Mammalia,Tamias amoenus,Montana,"AUGUSTA, 6.5 MI N, 17.2 MI W OF",47.5835028,-112.7615779,1949,KU
Mammalia,Tamias amoenus,Montana,"AUGUSTA, 6.5 MI N, 17.2 MI W OF",47.5835028,-112.7615779,1949,KU
Mammalia,Tamias amoenus,Montana,"AUGUSTA, 6.5 MI N, 17.2 MI W OF",47.5835028,-112.7615779,1949,KU
Mammalia,Tamias amoenus,Montana,"AUGUSTA, 6.5 MI N, 17.2 MI W OF",47.5835028,-112.7615779,1949,KU
Mammalia,Tamias amoenus,Montana,"AUGUSTA, 6.5 MI N, 17.2 MI W OF",47.5835028,-112.7615779,1949,KU
Mammalia,Peromyscus maniculatus,Montana,"BABB, 1.5 MI S, 2.5 MI W OF",48.83859,-113.49163,1949,KU
Mammalia,Peromyscus maniculatus,Montana,"GLENDIVE, 1 MI W OF",47.1053,-104.7336,1949,KU
Mammalia,Peromyscus maniculatus,Montana,"AUGUSTA, 6.5 MI N, 17.2 MI W OF",47.5835028,-112.7615779,1949,KU
Mammalia,Peromyscus maniculatus,Montana,"AUGUSTA, 6.5 MI N, 17.2 MI W OF",47.5835028,-112.7615779,1949,KU
Mammalia,Microtus pennsylvanicus,Montana,"AUGUSTA, 6.5 MI N, 17.2 MI W OF",47.5835028,-112.7615779,1949,KU
Mammalia,Microtus ochrogaster,Montana,"GLENDIVE, 1 MI W OF",47.1053,-104.7336,1949,KU
Mammalia,Urocitellus richardsonii,Montana,"WILSALL AND WHITE SULFUR SPRINGS, BETWEEN",46.267,-110.772,1949,KU
Mammalia,Taxidea taxus,Montana,"GREAT FALLS, 42 MI S OF",46.9104154,-111.2840246,1949,KU
Mammalia,Urocitellus columbianus,Montana,"BELTON, 1.4 MI S OF",46.585,-110.835,1949,KU
Mammalia,Bison bison,Montana,No locality,47.0198251,-109.8805857,1886,KU
Mammalia,Cynomys ludovicianus,Montana,"EDGAR, 10 MI E OF",45.4648396,-108.6457282,1917,KU
Mammalia,Cynomys ludovicianus,Montana,"EDGAR, 10 MI E OF",45.4648396,-108.6457282,1917,KU
Mammalia,Neotoma cinerea,Montana,"PRYOR CREEK, 25 MI W OF",45.7086368,-108.8814382,1916,KU
Mammalia,Tamias amoenus,Montana,"MONARCH, 2 MI N OF",47.12725,-110.8386,1946,KU
Mammalia,Tamiasciurus hudsonicus,Montana,"MONARCH, 9 MI S OF",46.96802,-110.8386,1946,KU
Mammalia,Reithrodontomys megalotis,Montana,"CUSTER, 14 MI S OF; BIG HORN RIVER",45.9264443,-107.5744033,1946,KU
Mammalia,Peromyscus maniculatus,Montana,"MOSBY, 9.5 MI E OF",46.9922,-107.68271,1946,KU
Mammalia,Peromyscus maniculatus,Montana,"MOSBY, 9.5 MI E OF",46.9922,-107.68271,1946,KU
Mammalia,Peromyscus maniculatus,Montana,"CUSTER, 14 MI S OF; BIG HORN RIVER",45.9264443,-107.5744033,1946,KU
Mammalia,Peromyscus maniculatus,Montana,"CUSTER, 14 MI S OF; BIG HORN RIVER",45.9264443,-107.5744033,1946,KU
Mammalia,Peromyscus maniculatus,Montana,"CUSTER, 14 MI S OF; BIG HORN RIVER",45.9264443,-107.5744033,1946,KU
Mammalia,Myodes gapperi,Montana,"ST MARY, 6 MI S OF",48.6567969,-113.4270158,1946,KU
Mammalia,Microtus pennsylvanicus,Montana,"GLENDIVE, 1 MI W OF",47.1053,-104.7336,1946,KU
Mammalia,Microtus longicaudus,Montana,"CUSTER, 14 MI S OF; BIG HORN RIVER",45.9264443,-107.5744033,1946,KU
Mammalia,Tamias minimus,Montana,PRYOR MOUNTAINS; HEAD OF SAGE CREEK,45.1901,-108.4423,1947,KU
Mammalia,Thomomys talpoides,Montana,"LIVINGSTON, 4 MI S, 15 MI E OF; W BOULDER RIVER",45.60448,-110.25104,1947,KU
Mammalia,Thomomys talpoides,Montana,"LIVINGSTON, 4 MI S, 15 MI E OF; W BOULDER RIVER",45.60448,-110.25104,1947,KU
Mammalia,Thomomys talpoides,Montana,"LIVINGSTON, 4 MI S, 15 MI E OF; W BOULDER RIVER",45.60448,-110.25104,1947,KU
Mammalia,Thomomys talpoides,Montana,"LIVINGSTON, 7 MI S, 12 MI E OF; W BOULDER RIVER",45.56104,-110.313,1947,KU
Mammalia,Thomomys talpoides,Montana,PRYOR MOUNTAINS; HEAD OF SAGE CREEK,45.1901,-108.4423,1947,KU
Mammalia,Thomomys talpoides,Montana,PRYOR MOUNTAINS; HEAD OF SAGE CREEK,45.1901,-108.4423,1947,KU
Mammalia,Thomomys talpoides,Montana,PRYOR MOUNTAINS; HEAD OF SAGE CREEK,45.1901,-108.4423,1947,KU
Mammalia,Thomomys talpoides,Montana,PRYOR MOUNTAINS; HEAD OF SAGE CREEK,45.1901,-108.4423,1947,KU
Mammalia,Perognathus fasciatus,Montana,"MEDICINE LAKE, 3 MI S OF",48.4554583,-104.5047446,1948,KU
Mammalia,Microtus pennsylvanicus,Montana,"CUT BANK, 1 MI W OF",48.633,-112.34803,1948,KU
Mammalia,Microtus pennsylvanicus,Montana,"BLACKFEET, 10 MI S, 4 MI E OF",48.4360019,-112.7894933,1948,KU
Mammalia,Microtus pennsylvanicus,Montana,"MALTA, 1 MI N, 1 MI W OF",48.37417,-107.89602,1948,KU
Mammalia,Microtus pennsylvanicus,Montana,"MALTA, 1 MI N, 1 MI W OF",48.37417,-107.89602,1948,KU
Mammalia,Microtus pennsylvanicus,Montana,"MALTA, 1 MI N, 1 MI W OF",48.37417,-107.89602,1948,KU
Mammalia,Microtus pennsylvanicus,Montana,"MALTA, 1 MI N, 1 MI W OF",48.37417,-107.89602,1948,KU
Mammalia,Microtus pennsylvanicus,Montana,"RAYMOND, 7 MI S OF",48.7749582,-104.5801511,1948,KU
Mammalia,Microtus pennsylvanicus,Montana,Springdale,45.7382,-110.2267,1948,KU
Mammalia,Microtus pennsylvanicus,Montana,Springdale,45.7382,-110.2267,1948,KU
Mammalia,Microtus pennsylvanicus,Montana,"CULBERTSON, 5 MI S, 3 MI E OF",48.0718885,-104.4519579,1948,KU
Mammalia,Microtus ochrogaster,Montana,"CUSTER, 15 MI S OF",45.9132445,-107.5594027,1948,KU
Mammalia,Microtus ochrogaster,Montana,"CUSTER, 15 MI S OF",45.9132445,-107.5594027,1948,KU
Mammalia,Tamias amoenus,Montana,"AUGUSTA, 6.5 MI N, 17.2 MI W OF",47.5835028,-112.7615779,1949,KU
Mammalia,Tamias amoenus,Montana,"AUGUSTA, 6.5 MI N, 17.125 MI W OF",47.5835028,-112.7615779,1949,KU
Mammalia,Tamiasciurus hudsonicus,Montana,"AUGUSTA, 6.5 MI N, 17.125 MI W OF",47.5835028,-112.7615779,1949,KU
Mammalia,Peromyscus maniculatus,Montana,"BABB, 2.5 MI S, 1.5 MI W OF",48.82412,-113.49163,1949,KU
Mammalia,Peromyscus maniculatus,Montana,"BABB, 1.5 MI S, 2.5 MI W OF",48.83859,-113.49163,1949,KU
Mammalia,Peromyscus maniculatus,Montana,"GLENDIVE, 1 MI W OF",47.1053,-104.7336,1949,KU
Mammalia,Peromyscus maniculatus,Montana,"GLENDIVE, 1 MI W OF",47.1053,-104.7336,1949,KU
Mammalia,Peromyscus maniculatus,Montana,"AUGUSTA, 6.5 MI N, 17.2 MI W OF",47.5835028,-112.7615779,1949,KU
Mammalia,Microtus ochrogaster,Montana,"GLENDIVE, 1 MI W OF",47.1053,-104.7336,1949,KU
Mammalia,Zapus princeps,Montana,"BABB, 1.5 MI S, 2.5 MI W OF",48.83859,-113.49163,1949,KU
Mammalia,Odocoileus hemionus,Montana,No locality,47.0198251,-109.8805857,1888,KU
Mammalia,Cynomys ludovicianus,Montana,EDGAR. 10 MI E OF,45.4648396,-108.6457282,1917,KU
Mammalia,Tamiasciurus hudsonicus,Montana,"ST MARY, 6 MI S OF",48.6567969,-113.4270158,1946,KU
Mammalia,Dipodomys ordii,Montana,"FORSYTH, 1 MI S, 2 MI E OF",46.2517689,-106.6359301,1946,KU
Mammalia,Reithrodontomys megalotis,Montana,"GLENDIVE, 1 MI W OF",47.1053,-104.7336,1946,KU
Mammalia,Peromyscus maniculatus,Montana,"CUSTER, 14 MI S OF; BIG HORN RIVER",45.9264443,-107.5744033,1946,KU
Mammalia,Peromyscus maniculatus,Montana,"CUSTER, 14 MI S OF; BIG HORN RIVER",45.9264443,-107.5744033,1946,KU
Mammalia,Peromyscus maniculatus,Montana,"CUSTER, 14 MI S OF; BIG HORN RIVER",45.9264443,-107.5744033,1946,KU
Mammalia,Peromyscus maniculatus,Montana,"CUSTER, 14 MI S OF; BIG HORN RIVER",45.9264443,-107.5744033,1946,KU
Mammalia,Peromyscus maniculatus,Montana,"CUSTER, 14 MI S OF; BIG HORN RIVER",45.9264443,-107.5744033,1946,KU
Mammalia,Peromyscus maniculatus,Montana,"CUSTER, 14 MI S OF; BIG HORN RIVER",45.9264443,-107.5744033,1946,KU
Mammalia,Microtus pennsylvanicus,Montana,"GLENDIVE, 1 MI W OF",47.1053,-104.7336,1946,KU
Mammalia,Microtus longicaudus,Montana,"ST MARY, 7 MI S OF; TIMBERLINE, E FACE DIVIDE MT",48.6671,-113.3821,1946,KU
Mammalia,Microtus ochrogaster,Montana,"GLENDIVE, 1 MI W OF",47.1053,-104.7336,1946,KU
Mammalia,Ochotona princeps,Montana,"ST MARY, 7 MI S OF; TIMBERLINE, E FACE DIVIDE MT",48.6671,-113.3821,1946,KU
Mammalia,Thomomys talpoides,Montana,"LIVINGSTON, 7 MI S, 12 MI E OF; W BOULDER RIVER",45.56104,-110.313,1947,KU
Mammalia,Thomomys talpoides,Montana,PRYOR MOUNTAINS; HEAD OF SAGE CREEK,45.1901,-108.4423,1947,KU
Mammalia,Thomomys talpoides,Montana,PRYOR MOUNTAINS; HEAD OF SAGE CREEK,45.1901,-108.4423,1947,KU
Mammalia,Thomomys talpoides,Montana,PRYOR MOUNTAINS; HEAD OF SAGE CREEK,45.1901,-108.4423,1947,KU
Mammalia,Thomomys talpoides,Montana,PRYOR MOUNTAINS; HEAD OF SAGE CREEK,45.1901,-108.4423,1947,KU
Mammalia,Reithrodontomys megalotis,Montana,"MALTA, 1 MI N, 1 MI W OF",48.37417,-107.89602,1948,KU
Mammalia,Peromyscus maniculatus,Montana,"MEDICINE LAKE CITY, 3 MI S OF",48.4554583,-104.5047446,1948,KU
Mammalia,Microtus pennsylvanicus,Montana,"CUT BANK, 1 MI W OF",48.633,-112.34803,1948,KU
Mammalia,Microtus pennsylvanicus,Montana,"BLACKFEET, 10 MI S, 4 MI E OF",48.4360019,-112.7894933,1948,KU
Mammalia,Microtus pennsylvanicus,Montana,"MEDICINE LAKE CITY, 3 MI S OF",48.4554583,-104.5047446,1948,KU
Mammalia,Microtus pennsylvanicus,Montana,"MEDICINE LAKE CITY, 3 MI S OF",48.4554583,-104.5047446,1948,KU
Mammalia,Microtus pennsylvanicus,Montana,"MEDICINE LAKE CITY, 3 MI S OF",48.4554583,-104.5047446,1948,KU
Mammalia,Microtus pennsylvanicus,Montana,Springdale,45.7382,-110.2267,1948,KU
Mammalia,Microtus pennsylvanicus,Montana,Springdale,45.7382,-110.2267,1948,KU
Mammalia,Peromyscus maniculatus,Montana,"BABB, 2.5 MI S, 1.5 MI W OF",48.82412,-113.49163,1949,KU
Mammalia,Peromyscus maniculatus,Montana,"BABB, 1.5 MI S, 2.5 MI W OF",48.83859,-113.49163,1949,KU
Mammalia,Peromyscus maniculatus,Montana,"GLENDIVE, 1 MI W OF",47.1053,-104.7336,1949,KU
Mammalia,Peromyscus maniculatus,Montana,"AUGUSTA, 6.5 MI N, 17.2 MI W OF",47.5835028,-112.7615779,1949,KU
Mammalia,Microtus pennsylvanicus,Montana,"BABB, 1.5 MI S, 2.5 MI W OF",48.83859,-113.49163,1949,KU
Mammalia,Odocoileus hemionus,Montana,White sulfur springs,46.5481193,-110.9058082,1949,KU
Mammalia,Antilocapra americana,Montana,No locality,47.266,-104.898,1883,KU
Mammalia,Bison bison,Montana,No locality,47.0198251,-109.8805857,1886,KU
Mammalia,Dipodomys ordii,Montana,"FORSYTH, 1 MI S, 2 MI E OF",46.2517689,-106.6359301,1946,KU
Mammalia,Dipodomys ordii,Montana,"FORSYTH, 1 MI S, 2 MI E OF",46.2517689,-106.6359301,1946,KU
Mammalia,Peromyscus maniculatus,Montana,"GLENDIVE, 1 MI W OF",47.1053,-104.7336,1946,KU
Mammalia,Peromyscus maniculatus,Montana,"CUSTER, 14 MI S OF; BIG HORN RIVER",45.9264443,-107.5744033,1946,KU
Mammalia,Peromyscus maniculatus,Montana,"CUSTER, 14 MI S OF; BIG HORN RIVER",45.9264443,-107.5744033,1946,KU
Mammalia,Peromyscus maniculatus,Montana,"CUSTER, 14 MI S OF; BIG HORN RIVER",45.9264443,-107.5744033,1946,KU
Mammalia,Peromyscus maniculatus,Montana,"ST MARY, 7 MI S OF; TIMBERLINE, E FACE DIVIDE MT",48.6671,-113.3821,1946,KU
Mammalia,Peromyscus maniculatus,Montana,"ST MARY, 7 MI S OF; TIMBERLINE, E FACE DIVIDE MT",48.6671,-113.3821,1946,KU
Mammalia,Peromyscus maniculatus,Montana,"ST MARY, 7 MI S OF; TIMBERLINE, E FACE DIVIDE MT",48.6671,-113.3821,1946,KU
Mammalia,Myodes gapperi,Montana,"ST MARY, 6 MI S OF",48.6567969,-113.4270158,1946,KU
Mammalia,Microtus ochrogaster,Montana,"GLENDIVE, 1 MI W OF",47.1053,-104.7336,1946,KU
Mammalia,Microtus ochrogaster,Montana,"GLENDIVE, 1 MI W OF",47.1053,-104.7336,1946,KU
Mammalia,Ochotona princeps,Montana,"ST MARY, 7 MI S OF; TIMBERLINE, E FACE DIVIDE MT",48.6671,-113.3821,1946,KU
Mammalia,Tamiasciurus hudsonicus,Montana,PRYOR MOUNTAINS; HEAD OF SNELL CREEK,45.1402,-108.4176,1947,KU
Mammalia,Thomomys talpoides,Montana,"LIVINGSTON, 4 MI S, 15 MI E OF; W BOULDER RIVER",45.60448,-110.25104,1947,KU
Mammalia,Thomomys talpoides,Montana,"LIVINGSTON, 4 MI S, 15 MI E OF; W BOULDER RIVER",45.60448,-110.25104,1947,KU
Mammalia,Thomomys talpoides,Montana,"LIVINGSTON, 4 MI S, 15 MI E OF; W BOULDER RIVER",45.60448,-110.25104,1947,KU
Mammalia,Thomomys talpoides,Montana,"LIVINGSTON, 7 MI S, 12 MI E OF; W BOULDER RIVER",45.56104,-110.313,1947,KU
Mammalia,Thomomys talpoides,Montana,"LIVINGSTON, 7 MI S, 12 MI E OF; W BOULDER RIVER",45.56104,-110.313,1947,KU
Mammalia,Thomomys talpoides,Montana,PRYOR MOUNTAINS; HEAD OF SAGE CREEK,45.1901,-108.4423,1947,KU
Mammalia,Thomomys talpoides,Montana,PRYOR MOUNTAINS; HEAD OF SAGE CREEK,45.1901,-108.4423,1947,KU
Mammalia,Microtus pennsylvanicus,Montana,"CUT BANK, 1 MI W OF",48.633,-112.34803,1948,KU
Mammalia,Microtus pennsylvanicus,Montana,"CUT BANK, 1 MI W OF",48.633,-112.34803,1948,KU
Mammalia,Microtus pennsylvanicus,Montana,"CUT BANK, 1 MI W OF",48.633,-112.34803,1948,KU
Mammalia,Microtus pennsylvanicus,Montana,"MALTA, 1 MI N, 1 MI W OF",48.37417,-107.89602,1948,KU
Mammalia,Microtus pennsylvanicus,Montana,Springdale,45.7382,-110.2267,1948,KU
Mammalia,Microtus pennsylvanicus,Montana,Springdale,45.7382,-110.2267,1948,KU
Mammalia,Tamias amoenus,Montana,"AUGUSTA, 6.5 MI N, 17.2 MI W OF",47.5835028,-112.7615779,1949,KU
Mammalia,Tamiasciurus hudsonicus,Montana,"AUGUSTA, 6.5 MI N, 17.125 MI W OF",47.5835028,-112.7615779,1949,KU
Mammalia,Peromyscus maniculatus,Montana,"BABB, 2.5 MI S, 1.5 MI W OF",48.82412,-113.49163,1949,KU
Mammalia,Microtus pennsylvanicus,Montana,"BABB, 1.5 MI S, 2.5 MI W OF",48.83859,-113.49163,1949,KU
Mammalia,Lepus townsendii,Montana,"SAND SPRINGS, 10 MI W OF",47.1008,-107.6976,1949,KU
Mammalia,Urocitellus richardsonii,Montana,"WILSALL AND WHITE SULFUR SPRINGS, BETWEEN",46.267,-110.772,1949,KU
Mammalia,Odocoileus hemionus,Montana,No locality,47.0198251,-109.8805857,1887,KU
Mammalia,Odocoileus hemionus,Montana,No locality,47.0198251,-109.8805857,1887,KU
Mammalia,Peromyscus maniculatus,Montana,"LEWISTOWN, 20 MI NW OF; JUDITH RIVER",47.26722,-109.7278,1938,KU
Mammalia,Peromyscus maniculatus,Montana,"LEWISTOWN, 20 MI NW OF; JUDITH RIVER",47.26722,-109.7278,1938,KU
Mammalia,Peromyscus maniculatus,Montana,"LEWISTOWN, 20 MI NW OF; JUDITH RIVER",47.26722,-109.7278,1938,KU
Mammalia,Neotamias ruficaudus,Montana,"ST MARY, 6 MI S OF",48.6567969,-113.4270158,1946,KU
Mammalia,Reithrodontomys megalotis,Montana,"CUSTER, 14 MI S OF; BIG HORN RIVER",45.9264443,-107.5744033,1946,KU
Mammalia,Peromyscus maniculatus,Montana,"MOSBY, 9.5 MI E OF",46.9922,-107.68271,1946,KU
Mammalia,Peromyscus maniculatus,Montana,"MOSBY, 9.5 MI E OF",46.9922,-107.68271,1946,KU
Mammalia,Peromyscus maniculatus,Montana,"MOSBY, 9.5 MI E OF",46.9922,-107.68271,1946,KU
Mammalia,Peromyscus maniculatus,Montana,"CUSTER, 14 MI S OF; BIG HORN RIVER",45.9264443,-107.5744033,1946,KU
Mammalia,Peromyscus maniculatus,Montana,"CUSTER, 14 MI S OF; BIG HORN RIVER",45.9264443,-107.5744033,1946,KU
Mammalia,Peromyscus maniculatus,Montana,"CUSTER, 14 MI S OF; BIG HORN RIVER",45.9264443,-107.5744033,1946,KU
Mammalia,Peromyscus maniculatus,Montana,"CUSTER, 14 MI S OF; BIG HORN RIVER",45.9264443,-107.5744033,1946,KU
Mammalia,Peromyscus maniculatus,Montana,"ST MARY, 7 MI S OF; TIMBERLINE, E FACE DIVIDE MT",48.6671,-113.3821,1946,KU
Mammalia,Myodes gapperi,Montana,"ST MARY, 6 MI S OF",48.6567969,-113.4270158,1946,KU
Mammalia,Tamias amoenus,Montana,"TENDERFOOT CREEK, HEAD",46.9176185,-110.8486122,1939,KU
Mammalia,Tamias minimus,Montana,PRYOR MOUNTAINS; HEAD OF SAGE CREEK,45.1901,-108.4423,1947,KU
Mammalia,Thomomys talpoides,Montana,"LIVINGSTON, 4 MI S, 15 MI E OF; W BOULDER RIVER",45.60448,-110.25104,1947,KU
Mammalia,Thomomys talpoides,Montana,"LIVINGSTON, 4 MI S, 15 MI E OF; W BOULDER RIVER",45.60448,-110.25104,1947,KU
Mammalia,Thomomys talpoides,Montana,"LIVINGSTON, 7 MI S, 12 MI E OF; W BOULDER RIVER",45.56104,-110.313,1947,KU
Mammalia,Thomomys talpoides,Montana,PRYOR MOUNTAINS; HEAD OF SAGE CREEK,45.1901,-108.4423,1947,KU
Mammalia,Microtus ochrogaster,Montana,Busby,45.5372,-106.9556,1947,KU
Mammalia,Peromyscus maniculatus,Montana,"CUT BANK, 1 MI W OF",48.633,-112.34803,1948,KU
Mammalia,Microtus pennsylvanicus,Montana,Springdale,45.7382,-110.2267,1948,KU
Mammalia,Microtus pennsylvanicus,Montana,Springdale,45.7382,-110.2267,1948,KU
Mammalia,Microtus pennsylvanicus,Montana,Springdale,45.7382,-110.2267,1948,KU
Mammalia,Microtus ochrogaster,Montana,"CUSTER, 15 MI S OF",45.9132445,-107.5594027,1948,KU
Mammalia,Castor canadensis,Montana,Miles city,46.4083,-105.8406,1948,KU
Mammalia,Marmota flaviventris,Montana,"AUGUSTA, 6.5 MI N, 17.2 MI W OF",47.5835028,-112.7615779,1949,KU
Mammalia,Callospermophilus lateralis,Montana,"AUGUSTA, 6.5 MI N, 17.2 MI W OF",47.5835028,-112.7615779,1949,KU
Mammalia,Tamias amoenus,Montana,"AUGUSTA, 6.5 MI N, 17.2 MI W OF",47.5835028,-112.7615779,1949,KU
Mammalia,Tamiasciurus hudsonicus,Montana,"AUGUSTA, 6.5 MI N, 17.125 MI W OF",47.5835028,-112.7615779,1949,KU
Mammalia,Peromyscus maniculatus,Montana,"BABB, 2.5 MI S, 1.5 MI W OF",48.82412,-113.49163,1949,KU
Mammalia,Peromyscus maniculatus,Montana,"GLENDIVE, 1 MI W OF",47.1053,-104.7336,1949,KU
Mammalia,Peromyscus maniculatus,Montana,"GLENDIVE, 1 MI W OF",47.1053,-104.7336,1949,KU
Mammalia,Microtus pennsylvanicus,Montana,"AUGUSTA, 6.5 MI N, 17.2 MI W OF",47.5835028,-112.7615779,1949,KU
Mammalia,Microtus pennsylvanicus,Montana,"BABB, 1.5 MI S, 2.5 MI W OF",48.83859,-113.49163,1949,KU
Mammalia,Microtus longicaudus,Montana,"AUGUSTA, 6.5 MI N, 17.125 MI W OF",47.5835028,-112.7615779,1949,KU
Mammalia,Zapus princeps,Montana,"AUGUSTA, 6.5 MI N, 17.2 MI W OF",47.5835028,-112.7615779,1949,KU
Mammalia,Urocitellus richardsonii,Montana,"WILSALL AND WHITE SULFUR SPRINGS, BETWEEN",46.267,-110.772,1949,KU
Mammalia,Antilocapra americana,Montana,No locality,47.266,-104.898,1883,KU
Mammalia,Antilocapra americana,Montana,Billings,45.783172,-108.5005282,1891,KU
Mammalia,Myotis lucifugus,Montana,Glasgow,48.1967893,-106.6366164,1919,KU
Mammalia,Peromyscus maniculatus,Montana,"LEWISTOWN, 20 MI NW OF; JUDITH RIVER",47.26722,-109.7278,1938,KU
Mammalia,Peromyscus maniculatus,Montana,"LEWISTOWN, 20 MI NW OF; JUDITH RIVER",47.26722,-109.7278,1938,KU
Mammalia,Peromyscus maniculatus,Montana,"LEWISTOWN, 20 MI NW OF; JUDITH RIVER",47.26722,-109.7278,1938,KU
Mammalia,Peromyscus maniculatus,Montana,"LEWISTOWN, 20 MI NW OF; JUDITH RIVER",47.26722,-109.7278,1938,KU
Mammalia,Peromyscus maniculatus,Montana,"LEWISTOWN, 20 MI NW OF; JUDITH RIVER",47.26722,-109.7278,1938,KU
Mammalia,Mustela nigripes,Montana,Pinele,45.3033,-104.938,1944,KU
Mammalia,Tamias amoenus,Montana,"MONARCH, 2 MI N OF",47.12725,-110.8386,1946,KU
Mammalia,Tamias amoenus,Montana,"MONARCH, 2 MI N OF",47.12725,-110.8386,1946,KU
Mammalia,Neotamias ruficaudus,Montana,"ST MARY, 6 MI S OF",48.6567969,-113.4270158,1946,KU
Mammalia,Neotamias ruficaudus,Montana,"ST MARY, 6 MI S OF",48.6567969,-113.4270158,1946,KU
Mammalia,Dipodomys ordii,Montana,"FORSYTH, 1 MI S, 2 MI E OF",46.2517689,-106.6359301,1946,KU
Mammalia,Dipodomys ordii,Montana,"FORSYTH, 1 MI S, 2 MI E OF",46.2517689,-106.6359301,1946,KU
Mammalia,Dipodomys ordii,Montana,"FORSYTH, 1 MI S, 2 MI E OF",46.2517689,-106.6359301,1946,KU
Mammalia,Dipodomys ordii,Montana,"FORSYTH, 1 MI S, 2 MI E OF",46.2517689,-106.6359301,1946,KU
Mammalia,Peromyscus maniculatus,Montana,"MOSBY, 9.5 MI E OF",46.9922,-107.68271,1946,KU
Mammalia,Peromyscus maniculatus,Montana,"MOSBY, 9.5 MI E OF",46.9922,-107.68271,1946,KU
Mammalia,Peromyscus maniculatus,Montana,"GLENDIVE, 1 MI W OF",47.1053,-104.7336,1946,KU
Mammalia,Peromyscus maniculatus,Montana,"CUSTER, 14 MI S OF; BIG HORN RIVER",45.9264443,-107.5744033,1946,KU
Mammalia,Peromyscus maniculatus,Montana,"CUSTER, 14 MI S OF; BIG HORN RIVER",45.9264443,-107.5744033,1946,KU
Mammalia,Peromyscus maniculatus,Montana,"ST MARY, 7 MI S OF; TIMBERLINE, E FACE DIVIDE MT",48.6671,-113.3821,1946,KU
Mammalia,Peromyscus maniculatus,Montana,"ST MARY, 7 MI S OF; TIMBERLINE, E FACE DIVIDE MT",48.6671,-113.3821,1946,KU
Mammalia,Myodes gapperi,Montana,"ST MARY, 7 MI S OF; TIMBERLINE, E FACE DIVIDE MT",48.6671,-113.3821,1946,KU
Mammalia,Thomomys talpoides,Montana,"LIVINGSTON, 4 MI S, 15 MI E OF; W BOULDER RIVER",45.60448,-110.25104,1947,KU
Mammalia,Thomomys talpoides,Montana,"LIVINGSTON, 4 MI S, 15 MI E OF; W BOULDER RIVER",45.60448,-110.25104,1947,KU
Mammalia,Thomomys talpoides,Montana,"LIVINGSTON, 4 MI S, 15 MI E OF; W BOULDER RIVER",45.60448,-110.25104,1947,KU
Mammalia,Thomomys talpoides,Montana,"LIVINGSTON, 7 MI S, 12 MI E OF; W BOULDER RIVER",45.56104,-110.313,1947,KU
Mammalia,Thomomys talpoides,Montana,"LIVINGSTON, 7 MI S, 12 MI E OF; W BOULDER RIVER",45.56104,-110.313,1947,KU
Mammalia,Thomomys talpoides,Montana,PRYOR MOUNTAINS; HEAD OF SAGE CREEK,45.1901,-108.4423,1947,KU
Mammalia,Thomomys talpoides,Montana,PRYOR MOUNTAINS; HEAD OF SAGE CREEK,45.1901,-108.4423,1947,KU
Mammalia,Peromyscus maniculatus,Montana,"MEDICINE LAKE CITY, 3 MI S OF",48.4554583,-104.5047446,1948,KU
Mammalia,Microtus pennsylvanicus,Montana,"CUT BANK, 1 MI W OF",48.633,-112.34803,1948,KU
Mammalia,Microtus pennsylvanicus,Montana,"BLACKFEET, 10 MI S, 4 MI E OF",48.4360019,-112.7894933,1948,KU
Mammalia,Microtus pennsylvanicus,Montana,"MALTA, 1 MI N, 1 MI W OF",48.37417,-107.89602,1948,KU
Mammalia,Microtus pennsylvanicus,Montana,Springdale,45.7382,-110.2267,1948,KU
Mammalia,Microtus pennsylvanicus,Montana,Springdale,45.7382,-110.2267,1948,KU
Mammalia,Microtus pennsylvanicus,Montana,Springdale,45.7382,-110.2267,1948,KU
Mammalia,Microtus pennsylvanicus,Montana,Springdale,45.7382,-110.2267,1948,KU
Mammalia,Microtus longicaudus,Montana,"CUT BANK, 1 MI W OF",48.633,-112.34803,1948,KU
Mammalia,Microtus ochrogaster,Montana,"CULBERTSON, 5 MI S, 3 MI E OF",48.0718885,-104.4519579,1948,KU
Mammalia,Microtus pennsylvanicus,Montana,"CULBERTSON, 1 MI S, 2 MI E OF",48.1297884,-104.4735894,1948,KU
Mammalia,Microtus ochrogaster,Montana,"CUSTER, 15 MI S OF",45.9132445,-107.5594027,1948,KU
Mammalia,Microtus ochrogaster,Montana,"CUSTER, 15 MI S OF",45.9132445,-107.5594027,1948,KU
Mammalia,Sorex cinereus,Montana,"AUGUSTA, 6.5 MI N, 17.125 MI W OF",47.5835028,-112.7615779,1949,KU
Mammalia,Urocitellus columbianus,Montana,"BABB, 1.5 MI S, 2.5 MI W OF",48.83859,-113.49163,1949,KU
Mammalia,Tamias amoenus,Montana,"AUGUSTA, 6.5 MI N, 17.2 MI W OF",47.5835028,-112.7615779,1949,KU
Mammalia,Tamias amoenus,Montana,"AUGUSTA, 6.5 MI N, 17.2 MI W OF",47.5835028,-112.7615779,1949,KU
Mammalia,Tamiasciurus hudsonicus,Montana,"AUGUSTA, 6.5 MI N, 17.125 MI W OF",47.5835028,-112.7615779,1949,KU
Mammalia,Tamiasciurus hudsonicus,Montana,"AUGUSTA, 6.5 MI N, 17.125 MI W OF",47.5835028,-112.7615779,1949,KU
Mammalia,Peromyscus maniculatus,Montana,"BABB, 2.5 MI S, 1.5 MI W OF",48.82412,-113.49163,1949,KU
Mammalia,Peromyscus maniculatus,Montana,"BABB, 1.5 MI S, 2.5 MI W OF",48.83859,-113.49163,1949,KU
Mammalia,Peromyscus maniculatus,Montana,"GLENDIVE, 1 MI W OF",47.1053,-104.7336,1949,KU
Mammalia,Microtus pennsylvanicus,Montana,"AUGUSTA, 6.5 MI N, 17.2 MI W OF",47.5835028,-112.7615779,1949,KU
Mammalia,Microtus pennsylvanicus,Montana,"AUGUSTA, 6.5 MI N, 17.2 MI W OF",47.5835028,-112.7615779,1949,KU
Mammalia,Lepus townsendii,Montana,Porcupine river,47.29,-104.87,1886,KU
Mammalia,Ovis canadensis,Montana,Mungersville,47.0198251,-109.8805857,1889,KU
Mammalia,Cynomys ludovicianus,Montana,"EDGAR, 10 MI E OF",45.4648396,-108.6457282,1917,KU
Mammalia,Peromyscus maniculatus,Montana,"CUSTER, 14 MI S OF; BIG HORN RIVER",45.9264443,-107.5744033,1946,KU
Mammalia,Peromyscus maniculatus,Montana,"CUSTER, 14 MI S OF; BIG HORN RIVER",45.9264443,-107.5744033,1946,KU
Mammalia,Peromyscus maniculatus,Montana,"ST MARY, 7 MI S OF; TIMBERLINE, E FACE DIVIDE MT",48.6671,-113.3821,1946,KU
Mammalia,Peromyscus maniculatus,Montana,"ST MARY, 7 MI S OF; TIMBERLINE, E FACE DIVIDE MT",48.6671,-113.3821,1946,KU
Mammalia,Peromyscus maniculatus,Montana,"ST MARY, 7 MI S OF; TIMBERLINE, E FACE DIVIDE MT",48.6671,-113.3821,1946,KU
Mammalia,Peromyscus maniculatus,Montana,"ST MARY, 7 MI S OF; TIMBERLINE, E FACE DIVIDE MT",48.6671,-113.3821,1946,KU
Mammalia,Peromyscus maniculatus,Montana,"ST MARY, 7 MI S OF; TIMBERLINE, E FACE DIVIDE MT",48.6671,-113.3821,1946,KU
Mammalia,Phenacomys intermedius,Montana,"ST MARY, 7 MI S OF; E FACE OF DIVIDE MT, TIMBERLINE",48.6671,-113.3821,1946,KU
Mammalia,Myodes gapperi,Montana,"ST MARY, 6 MI S OF",48.6567969,-113.4270158,1946,KU
Mammalia,Myodes gapperi,Montana,"ST MARY, 6 MI S OF",48.6567969,-113.4270158,1946,KU
Mammalia,Microtus ochrogaster,Montana,"GLENDIVE, 1 MI W OF",47.1053,-104.7336,1946,KU
Mammalia,Microtus pennsylvanicus,Montana,"GLENDIVE, 1 MI W OF",47.1053,-104.7336,1946,KU
Mammalia,Microtus ochrogaster,Montana,"GLENDIVE, 1 MI W OF",47.1053,-104.7336,1946,KU
Mammalia,Thomomys talpoides,Montana,"LIVINGSTON, 4 MI S, 15 MI E OF; W BOULDER RIVER",45.60448,-110.25104,1947,KU
Mammalia,Thomomys talpoides,Montana,"LIVINGSTON, 4 MI S, 15 MI E OF; W BOULDER RIVER",45.60448,-110.25104,1947,KU
Mammalia,Thomomys talpoides,Montana,"LIVINGSTON, 7 MI S, 12 MI E OF; W BOULDER RIVER",45.56104,-110.313,1947,KU
Mammalia,Thomomys talpoides,Montana,PRYOR MOUNTAINS; HEAD OF SAGE CREEK,45.1901,-108.4423,1947,KU
Mammalia,Thomomys talpoides,Montana,PRYOR MOUNTAINS; HEAD OF SAGE CREEK,45.1901,-108.4423,1947,KU
Mammalia,Ursus americanus,Montana,"LIVINGSTON, 7 MI S, 14 MI E OF; W BOULDER ROAD",45.56104,-110.2717,1947,KU
Mammalia,Sorex haydeni,Montana,"RAYMOND, 7 MI N OF",48.9775585,-104.5801539,1948,KU
Mammalia,Peromyscus maniculatus,Montana,"MALTA, 1 MI N, 1 MI W OF",48.37417,-107.89602,1948,KU
Mammalia,Peromyscus maniculatus,Montana,"BLACKFEET, 10 MI S, 4 MI E OF",48.4360019,-112.7894933,1948,KU
Mammalia,Microtus pennsylvanicus,Montana,"MALTA, 1 MI N, 1 MI W OF",48.37417,-107.89602,1948,KU
Mammalia,Microtus pennsylvanicus,Montana,"MALTA, 1 MI N, 1 MI W OF",48.37417,-107.89602,1948,KU
Mammalia,Microtus pennsylvanicus,Montana,"MALTA, 1 MI N, 1 MI W OF",48.37417,-107.89602,1948,KU
Mammalia,Microtus pennsylvanicus,Montana,"MALTA, 1 MI N, 1 MI W OF",48.37417,-107.89602,1948,KU
Mammalia,Microtus pennsylvanicus,Montana,"MALTA, 1 MI N, 1 MI W OF",48.37417,-107.89602,1948,KU
Mammalia,Microtus pennsylvanicus,Montana,"MEDICINE LAKE CITY, 3 MI S OF",48.4554583,-104.5047446,1948,KU
Mammalia,Microtus pennsylvanicus,Montana,"MEDICINE LAKE CITY, 3 MI S OF",48.4554583,-104.5047446,1948,KU
Mammalia,Microtus pennsylvanicus,Montana,Springdale,45.7382,-110.2267,1948,KU
Mammalia,Microtus pennsylvanicus,Montana,Springdale,45.7382,-110.2267,1948,KU
Mammalia,Microtus pennsylvanicus,Montana,Springdale,45.7382,-110.2267,1948,KU
Mammalia,Microtus pennsylvanicus,Montana,Springdale,45.7382,-110.2267,1948,KU
Mammalia,Microtus pennsylvanicus,Montana,Springdale,45.7382,-110.2267,1948,KU
Mammalia,Microtus ochrogaster,Montana,"CULBERTSON, 5 MI S, 3 MI E OF",48.0718885,-104.4519579,1948,KU
Mammalia,Sorex monticolus,Montana,"AUGUSTA, 6.5 MI N, 17.125 MI W OF",47.5835028,-112.7615779,1949,KU
Mammalia,Tamias amoenus,Montana,"AUGUSTA, 6.5 MI N, 17.2 MI W OF",47.5835028,-112.7615779,1949,KU
Mammalia,Tamias amoenus,Montana,"AUGUSTA, 6.5 MI N, 17.2 MI W OF",47.5835028,-112.7615779,1949,KU
Mammalia,Tamias amoenus,Montana,"AUGUSTA, 6.5 MI N, 17.2 MI W OF",47.5835028,-112.7615779,1949,KU
Mammalia,Reithrodontomys megalotis,Montana,"GLENDIVE, 1 MI W OF",47.1053,-104.7336,1949,KU
Mammalia,Peromyscus maniculatus,Montana,"BABB, 2.5 MI S, 1.5 MI W OF",48.82412,-113.49163,1949,KU
Mammalia,Peromyscus maniculatus,Montana,"GLENDIVE, 1 MI W OF",47.1053,-104.7336,1949,KU
Mammalia,Peromyscus maniculatus,Montana,"AUGUSTA, 6.5 MI N, 17.2 MI W OF",47.5835028,-112.7615779,1949,KU
Mammalia,Peromyscus maniculatus,Montana,"AUGUSTA, 6.5 MI N, 17.2 MI W OF",47.5835028,-112.7615779,1949,KU
Mammalia,Ovis canadensis,Montana,Mungersville,47.0198251,-109.8805857,1888,KU
Mammalia,Canis latrans,Montana,No locality,47.29,-104.87,1886,KU
Mammalia,Canis lupus,Montana,Billings,45.783172,-108.5005282,1891,KU
Mammalia,Cervus elaphus,Montana,Billings,45.783172,-108.5005282,1891,KU
Mammalia,Peromyscus maniculatus,Montana,"LEWISTOWN, 20 MI NW OF; JUDITH RIVER",47.26722,-109.7278,1938,KU
Mammalia,Neotamias ruficaudus,Montana,"ST MARY, 6 MI S OF",48.6567969,-113.4270158,1946,KU
Mammalia,Neotamias ruficaudus,Montana,"ST MARY, 6 MI S OF",48.6567969,-113.4270158,1946,KU
Mammalia,Tamiasciurus hudsonicus,Montana,"ST MARY, 6 MI S OF",48.6567969,-113.4270158,1946,KU
Mammalia,Dipodomys ordii,Montana,"FORSYTH, 1 MI S, 2 MI E OF",46.2517689,-106.6359301,1946,KU
Mammalia,Onychomys leucogaster,Montana,"FORSYTH, 1 MI S, 2 MI E OF",46.2517689,-106.6359301,1946,KU
Mammalia,Reithrodontomys megalotis,Montana,"CUSTER, 14 MI S OF; BIG HORN RIVER",45.9264443,-107.5744033,1946,KU
Mammalia,Peromyscus maniculatus,Montana,"CUSTER, 14 MI S OF; BIG HORN RIVER",45.9264443,-107.5744033,1946,KU
Mammalia,Peromyscus maniculatus,Montana,"ST MARY, 7 MI S OF; TIMBERLINE, E FACE DIVIDE MT",48.6671,-113.3821,1946,KU
Mammalia,Peromyscus maniculatus,Montana,"ST MARY, 7 MI S OF; TIMBERLINE, E FACE DIVIDE MT",48.6671,-113.3821,1946,KU
Mammalia,Peromyscus maniculatus,Montana,"ST MARY, 7 MI S OF; TIMBERLINE, E FACE DIVIDE MT",48.6671,-113.3821,1946,KU
Mammalia,Peromyscus maniculatus,Montana,"ST MARY, 7 MI S OF; TIMBERLINE, E FACE DIVIDE MT",48.6671,-113.3821,1946,KU
Mammalia,Peromyscus maniculatus,Montana,"ST MARY, 7 MI S OF; TIMBERLINE, E FACE DIVIDE MT",48.6671,-113.3821,1946,KU
Mammalia,Peromyscus maniculatus,Montana,"ST MARY, 7 MI S OF; TIMBERLINE, E FACE DIVIDE MT",48.6671,-113.3821,1946,KU
Mammalia,Myodes gapperi,Montana,"ST MARY, 6 MI S OF",48.6567969,-113.4270158,1946,KU
Mammalia,Tamias minimus,Montana,PRYOR MOUNTAINS; HEAD OF SAGE CREEK,45.1901,-108.4423,1947,KU
Mammalia,Thomomys talpoides,Montana,"LIVINGSTON, 7 MI S, 12 MI E OF; W BOULDER RIVER",45.56104,-110.313,1947,KU
Mammalia,Thomomys talpoides,Montana,PRYOR MOUNTAINS; HEAD OF SAGE CREEK,45.1901,-108.4423,1947,KU
Mammalia,Thomomys talpoides,Montana,PRYOR MOUNTAINS; HEAD OF SAGE CREEK,45.1901,-108.4423,1947,KU
Mammalia,Thomomys talpoides,Montana,PRYOR MOUNTAINS; HEAD OF SAGE CREEK,45.1901,-108.4423,1947,KU
Mammalia,Thomomys talpoides,Montana,PRYOR MOUNTAINS; HEAD OF SAGE CREEK,45.1901,-108.4423,1947,KU
Mammalia,Thomomys talpoides,Montana,PRYOR MOUNTAINS; HEAD OF SAGE CREEK,45.1901,-108.4423,1947,KU
Mammalia,Thomomys talpoides,Montana,PRYOR MOUNTAINS; HEAD OF SAGE CREEK,45.1901,-108.4423,1947,KU
Mammalia,Sorex monticolus,Montana,"CUT BANK, 1 MI W OF",48.633,-112.34803,1948,KU
Mammalia,Peromyscus maniculatus,Montana,"RAYMOND, 7 MI N OF",48.9775585,-104.5801539,1948,KU
Mammalia,Peromyscus maniculatus,Montana,"RAYMOND, 7 MI N OF",48.9775585,-104.5801539,1948,KU
Mammalia,Microtus pennsylvanicus,Montana,"CUT BANK, 1 MI W OF",48.633,-112.34803,1948,KU
Mammalia,Microtus pennsylvanicus,Montana,"BLACKFEET, 10 MI S, 4 MI E OF",48.4360019,-112.7894933,1948,KU
Mammalia,Microtus pennsylvanicus,Montana,"BLACKFEET, 10 MI S, 4 MI E OF",48.4360019,-112.7894933,1948,KU
Mammalia,Microtus pennsylvanicus,Montana,"BLACKFEET, 10 MI S, 4 MI E OF",48.4360019,-112.7894933,1948,KU
Mammalia,Microtus pennsylvanicus,Montana,"BLACKFEET, 10 MI S, 4 MI E OF",48.4360019,-112.7894933,1948,KU
Mammalia,Microtus pennsylvanicus,Montana,"MALTA, 1 MI N, 1 MI W OF",48.37417,-107.89602,1948,KU
Mammalia,Microtus pennsylvanicus,Montana,Springdale,45.7382,-110.2267,1948,KU
Mammalia,Microtus pennsylvanicus,Montana,Springdale,45.7382,-110.2267,1948,KU
Mammalia,Microtus pennsylvanicus,Montana,Springdale,45.7382,-110.2267,1948,KU
Mammalia,Microtus pennsylvanicus,Montana,Springdale,45.7382,-110.2267,1948,KU
Mammalia,Microtus ochrogaster,Montana,"CULBERTSON, 5 MI S, 3 MI E OF",48.0718885,-104.4519579,1948,KU
Mammalia,Tamias amoenus,Montana,"AUGUSTA, 6.5 MI N, 17.2 MI W OF",47.5835028,-112.7615779,1949,KU
Mammalia,Peromyscus maniculatus,Montana,"BABB, 2.5 MI S, 1.5 MI W OF",48.82412,-113.49163,1949,KU
Mammalia,Peromyscus maniculatus,Montana,"BABB, 1.5 MI S, 2.5 MI W OF",48.83859,-113.49163,1949,KU
Mammalia,Peromyscus maniculatus,Montana,"BABB, 1.5 MI S, 2.5 MI W OF",48.83859,-113.49163,1949,KU
Mammalia,Peromyscus maniculatus,Montana,"AUGUSTA, 6.5 MI N, 17.2 MI W OF",47.5835028,-112.7615779,1949,KU
Mammalia,Peromyscus maniculatus,Montana,"AUGUSTA, 6.5 MI N, 17.2 MI W OF",47.5835028,-112.7615779,1949,KU
Mammalia,Neotoma cinerea,Montana,"AUGUSTA, 6.5 MI N, 17.2 MI W OF",47.5835028,-112.7615779,1949,KU
Mammalia,Myodes gapperi,Montana,"BABB, 1.5 MI S, 2.5 MI W OF",48.83859,-113.49163,1949,KU
Mammalia,Microtus pennsylvanicus,Montana,"AUGUSTA, 6.5 MI N, 17.2 MI W OF",47.5835028,-112.7615779,1949,KU
Mammalia,Microtus pennsylvanicus,Montana,"BABB, 1.5 MI S, 2.5 MI W OF",48.83859,-113.49163,1949,KU
Mammalia,Odocoileus hemionus,Montana,"LEWISTOWN, 7 MI S, 9 MI E OF; JUDITH MOUNTAINS",47.16383,-109.23754,1949,KU
Mammalia,Urocitellus richardsonii,Montana,"WILSALL AND WHITE SULFUR SPRINGS, BETWEEN",46.267,-110.772,1949,KU
Mammalia,Urocitellus richardsonii,Montana,"WILSALL AND WHITE SULFUR SPRINGS, BETWEEN",46.267,-110.772,1949,KU
Mammalia,Antilocapra americana,Montana,"YELLOWSTONE, MISSOURI DIVIDE",47.266,-104.898,1886,KU
Mammalia,Cynomys ludovicianus,Montana,"EDGAR, 10 MI E OF",45.4648396,-108.6457282,1917,KU
Mammalia,Peromyscus maniculatus,Montana,"LEWISTOWN, 20 MI NW OF; JUDITH RIVER",47.26722,-109.7278,1938,KU
Mammalia,Neotamias ruficaudus,Montana,"ST MARY, 6 MI S OF",48.6567969,-113.4270158,1946,KU
Mammalia,Neotamias ruficaudus,Montana,"ST MARY, 6 MI S OF",48.6567969,-113.4270158,1946,KU
Mammalia,Tamiasciurus hudsonicus,Montana,"ST MARY, 6 MI S OF",48.6567969,-113.4270158,1946,KU
Mammalia,Reithrodontomys megalotis,Montana,"GLENDIVE, 1 MI W OF",47.1053,-104.7336,1946,KU
Mammalia,Peromyscus maniculatus,Montana,"MOSBY, 9.5 MI E OF",46.9922,-107.68271,1946,KU
Mammalia,Peromyscus maniculatus,Montana,"CUSTER, 14 MI S OF; BIG HORN RIVER",45.9264443,-107.5744033,1946,KU
Mammalia,Peromyscus maniculatus,Montana,"CUSTER, 14 MI S OF; BIG HORN RIVER",45.9264443,-107.5744033,1946,KU
Mammalia,Peromyscus maniculatus,Montana,"CUSTER, 14 MI S OF; BIG HORN RIVER",45.9264443,-107.5744033,1946,KU
Mammalia,Peromyscus maniculatus,Montana,"CUSTER, 14 MI S OF; BIG HORN RIVER",45.9264443,-107.5744033,1946,KU
Mammalia,Peromyscus maniculatus,Montana,"CUSTER, 14 MI S OF; BIG HORN RIVER",45.9264443,-107.5744033,1946,KU
Mammalia,Peromyscus maniculatus,Montana,"ST MARY, 7 MI S OF; TIMBERLINE, E FACE DIVIDE MT",48.6671,-113.3821,1946,KU
Mammalia,Peromyscus maniculatus,Montana,"ST MARY, 7 MI S OF; TIMBERLINE, E FACE DIVIDE MT",48.6671,-113.3821,1946,KU
Mammalia,Phenacomys intermedius,Montana,"ST MARY, 7 MI S OF; E FACE OF DIVIDE MT; TIMBERLINE",48.6671,-113.3821,1946,KU
Mammalia,Myodes gapperi,Montana,"ST MARY, 6 MI S OF",48.6567969,-113.4270158,1946,KU
Mammalia,Microtus ochrogaster,Montana,"GLENDIVE, 1 MI W OF",47.1053,-104.7336,1946,KU
Mammalia,Microtus ochrogaster,Montana,"GLENDIVE, 1 MI W OF",47.1053,-104.7336,1946,KU
Mammalia,Ochotona princeps,Montana,"ST MARY, 7 MI S OF; TIMBERLINE, E FACE DIVIDE MT",48.6671,-113.3821,1946,KU
Mammalia,Ochotona princeps,Montana,Quartzite ridge,46.9058,-110.8548,1939,KU
Mammalia,Thomomys talpoides,Montana,"LIVINGSTON, 7 MI S, 12 MI E OF; W BOULDER RIVER",45.56104,-110.313,1947,KU
Mammalia,Thomomys talpoides,Montana,PRYOR MOUNTAINS; HEAD OF SAGE CREEK,45.1901,-108.4423,1947,KU
Mammalia,Thomomys talpoides,Montana,PRYOR MOUNTAINS; HEAD OF SAGE CREEK,45.1901,-108.4423,1947,KU
Mammalia,Thomomys talpoides,Montana,PRYOR MOUNTAINS; HEAD OF SAGE CREEK,45.1901,-108.4423,1947,KU
Mammalia,Thomomys talpoides,Montana,PRYOR MOUNTAINS; HEAD OF SAGE CREEK,45.1901,-108.4423,1947,KU
Mammalia,Thomomys talpoides,Montana,PRYOR MOUNTAINS; HEAD OF SAGE CREEK,45.1901,-108.4423,1947,KU
Mammalia,Taxidea taxus,Montana,"LIVINGSTON, 7 MI S, 12 MI E OF; W BOULDER ROAD",45.56104,-110.313,1947,KU
Mammalia,Microtus pennsylvanicus,Montana,"CUT BANK, 1 MI W OF",48.633,-112.34803,1948,KU
Mammalia,Microtus pennsylvanicus,Montana,"CUT BANK, 1 MI W OF",48.633,-112.34803,1948,KU
Mammalia,Microtus pennsylvanicus,Montana,"CUT BANK, 1 MI W OF",48.633,-112.34803,1948,KU
Mammalia,Microtus pennsylvanicus,Montana,"BLACKFEET, 10 MI S, 4 MI E OF",48.4360019,-112.7894933,1948,KU
Mammalia,Microtus pennsylvanicus,Montana,"RAYMOND, 7 MI S OF",48.7749582,-104.5801511,1948,KU
Mammalia,Microtus pennsylvanicus,Montana,"MEDICINE LAKE CITY, 3 MI S OF",48.4554583,-104.5047446,1948,KU
Mammalia,Microtus longicaudus,Montana,"CUT BANK, 1 MI W OF",48.633,-112.34803,1948,KU
Mammalia,Microtus ochrogaster,Montana,"CUSTER, 15 MI S OF",45.9132445,-107.5594027,1948,KU
Mammalia,Sorex monticolus,Montana,"BABB, 1.5 MI S, 2.5 MI W OF",48.83859,-113.49163,1949,KU
Mammalia,Callospermophilus lateralis,Montana,"AUGUSTA, 6.5 MI N, 17.2 MI W OF",47.5835028,-112.7615779,1949,KU
Mammalia,Tamias amoenus,Montana,"AUGUSTA, 6.5 MI N, 17.2 MI W OF",47.5835028,-112.7615779,1949,KU
Mammalia,Tamias amoenus,Montana,"AUGUSTA, 6.5 MI N, 17.2 MI W OF",47.5835028,-112.7615779,1949,KU
Mammalia,Peromyscus maniculatus,Montana,"BABB, 2.5 MI S, 1.5 MI W OF",48.82412,-113.49163,1949,KU
Mammalia,Peromyscus maniculatus,Montana,"GLENDIVE, 1 MI W OF",47.1053,-104.7336,1949,KU
Mammalia,Peromyscus maniculatus,Montana,"AUGUSTA, 6.5 MI N, 17.2 MI W OF",47.5835028,-112.7615779,1949,KU
Mammalia,Myodes gapperi,Montana,"BABB, 1.5 MI S, 2.5 MI W OF",48.83859,-113.49163,1949,KU
Mammalia,Microtus ochrogaster,Montana,"GLENDIVE, 1 MI W OF",47.1053,-104.7336,1949,KU
Mammalia,Lepus townsendii,Montana,"SAND SPRINGS, 5 MI E OF",47.1008,-107.3796,1949,KU
Mammalia,Cervus elaphus,Montana,CROW RESERVATION; WOLF MTS,45.2501504,-107.1461823,1905,KU
Mammalia,Marmota flaviventris,Montana,"GREAT FALLS, 45 MI S OF",46.8665155,-111.2844239,1949,KU
Mammalia,Odocoileus virginianus,Montana,Mungersville,47.0198251,-109.8805857,1889,KU
Mammalia,Bison bison,Montana,No locality,47.29,-104.87,1886,KU
Mammalia,Peromyscus maniculatus,Montana,"LEWISTOWN, 20 MI NW OF; JUDITH RIVER",47.26722,-109.7278,1938,KU
Mammalia,Tamias amoenus,Montana,"MONARCH, 2 MI N OF",47.12725,-110.8386,1946,KU
Mammalia,Peromyscus maniculatus,Montana,"FORSYTH, 1 MI S, 2 MI E OF",46.2517689,-106.6359301,1946,KU
Mammalia,Peromyscus maniculatus,Montana,"CUSTER, 14 MI S OF; BIG HORN RIVER",45.9264443,-107.5744033,1946,KU
Mammalia,Peromyscus maniculatus,Montana,"CUSTER, 14 MI S OF; BIG HORN RIVER",45.9264443,-107.5744033,1946,KU
Mammalia,Peromyscus maniculatus,Montana,"CUSTER, 14 MI S OF; BIG HORN RIVER",45.9264443,-107.5744033,1946,KU
Mammalia,Peromyscus maniculatus,Montana,"ST MARY, 7 MI S OF; TIMBERLINE, E FACE DIVIDE MT",48.6671,-113.3821,1946,KU
Mammalia,Peromyscus maniculatus,Montana,"ST MARY, 7 MI S OF; TIMBERLINE, E FACE DIVIDE MT",48.6671,-113.3821,1946,KU
Mammalia,Peromyscus maniculatus,Montana,"ST MARY, 7 MI S OF; TIMBERLINE, E FACE DIVIDE MT",48.6671,-113.3821,1946,KU
Mammalia,Thomomys talpoides,Montana,"LIVINGSTON, 4 MI S, 15 MI E OF; W BOULDER RIVER",45.60448,-110.25104,1947,KU
Mammalia,Thomomys talpoides,Montana,"LIVINGSTON, 4 MI S, 15 MI E OF; W BOULDER RIVER",45.60448,-110.25104,1947,KU
Mammalia,Thomomys talpoides,Montana,"LIVINGSTON, 7 MI S, 12 MI E OF; W BOULDER RIVER",45.56104,-110.313,1947,KU
Mammalia,Thomomys talpoides,Montana,"LIVINGSTON, 7 MI S, 12 MI E OF; W BOULDER RIVER",45.56104,-110.313,1947,KU
Mammalia,Thomomys talpoides,Montana,PRYOR MOUNTAINS; HEAD OF SAGE CREEK,45.1901,-108.4423,1947,KU
Mammalia,Thomomys talpoides,Montana,PRYOR MOUNTAINS; HEAD OF SAGE CREEK,45.1901,-108.4423,1947,KU
Mammalia,Thomomys talpoides,Montana,PRYOR MOUNTAINS; HEAD OF SAGE CREEK,45.1901,-108.4423,1947,KU
Mammalia,Thomomys talpoides,Montana,PRYOR MOUNTAINS; HEAD OF SAGE CREEK,45.1901,-108.4423,1947,KU
Mammalia,Castor canadensis,Montana,Mission creek,45.7142265,-110.3886812,1947,KU
Mammalia,Microtus pennsylvanicus,Montana,"BLACKFEET, 10 MI S, 4 MI E OF",48.4360019,-112.7894933,1948,KU
Mammalia,Microtus pennsylvanicus,Montana,"MEDICINE LAKE CITY, 3 MI S OF",48.4554583,-104.5047446,1948,KU
Mammalia,Microtus pennsylvanicus,Montana,Springdale,45.7382,-110.2267,1948,KU
Mammalia,Microtus ochrogaster,Montana,"CUSTER, 15 MI S OF",45.9132445,-107.5594027,1948,KU
Mammalia,Sorex cinereus,Montana,"AUGUSTA, 6.5 MI N, 17.125 MI W OF",47.5835028,-112.7615779,1949,KU
Mammalia,Tamias amoenus,Montana,"BABB, 1.5 MI S, 2.5 MI W OF",48.83859,-113.49163,1949,KU
Mammalia,Tamias amoenus,Montana,"AUGUSTA, 6.5 MI N, 17.2 MI W OF",47.5835028,-112.7615779,1949,KU
Mammalia,Tamias amoenus,Montana,"AUGUSTA, 6.5 MI N, 17.125 MI W OF",47.5835028,-112.7615779,1949,KU
Mammalia,Tamiasciurus hudsonicus,Montana,"AUGUSTA, 6.5 MI N, 17.125 MI W OF",47.5835028,-112.7615779,1949,KU
Mammalia,Peromyscus maniculatus,Montana,"BABB, 1.5 MI S, 2.5 MI W OF",48.83859,-113.49163,1949,KU
Mammalia,Peromyscus maniculatus,Montana,"BABB, 1.5 MI S, 2.5 MI W OF",48.83859,-113.49163,1949,KU
Mammalia,Peromyscus maniculatus,Montana,"GLENDIVE, 1 MI W OF",47.1053,-104.7336,1949,KU
Mammalia,Microtus pennsylvanicus,Montana,"AUGUSTA, 6.5 MI N, 17.2 MI W OF",47.5835028,-112.7615779,1949,KU
Mammalia,Phenacomys intermedius,Montana,"BABB, 1.5 MI S, 2.5 MI W OF",48.83859,-113.49163,1949,KU
Mammalia,Microtus pennsylvanicus,Montana,"AUGUSTA, 6.5 MI N, 17.2 MI W OF",47.5835028,-112.7615779,1949,KU
Mammalia,Zapus princeps,Montana,"AUGUSTA, 6.5 MI N, 17.2 MI W OF",47.5835028,-112.7615779,1949,KU
Mammalia,Lepus townsendii,Montana,"SAND SPRINGS, 18.5 MI W OF",47.1008,-107.8778,1949,KU
Mammalia,Cervus elaphus,Montana,CROW RESERVATION; WOLF MTS,45.2501504,-107.1461823,1905,KU
Mammalia,Odocoileus hemionus,Montana,White sulfur springs,46.5481193,-110.9058082,1949,KU
Aves,Piranga ludoviciana,Montana,Fort Benton,47.81833,-110.6675,1860,MCZ
Aves,Passerina amoena,Montana,"Belt River, near Canon",47.38611,-110.92472,1889,MCZ
Amphibia,Anaxyrus woodhousii,Montana,"Ekalaka, 15 mi N of, Medicine Rocks",46.0431,-104.469,1916,USNM
Amphibia,Anaxyrus woodhousii,Montana,"Ekalaka, 15 mi N of, Medicine Rocks",46.0431,-104.469,1916,USNM
Mammalia,Erethizon dorsatus,Montana,"Ballantine, 10 Mi S, Girl Creek",45.7293,-108.296,1917,USNM
Amphibia,Lithobates pipiens,Montana,Glasgow,48.18,-106.63,1919,USNM
Mammalia,Puma concolor,Montana,NA,47.0005,-109.875,1901,NCSM
Mammalia,Zapus princeps,Montana,Babb,48.8652,-113.434,1936,SDNHM
Mammalia,Peromyscus maniculatus,Montana,Babb,48.8652,-113.434,1936,SDNHM
Mammalia,Peromyscus maniculatus,Montana,Babb,48.8652,-113.434,1936,SDNHM
Mammalia,Peromyscus maniculatus,Montana,Babb,48.8652,-113.434,1936,SDNHM
Mammalia,Urocitellus columbianus,Montana,Babb,48.8652,-113.434,1936,SDNHM
Mammalia,Urocitellus columbianus,Montana,Babb,48.8652,-113.434,1936,SDNHM
Mammalia,Urocitellus columbianus,Montana,Babb,48.8652,-113.434,1936,SDNHM
Mammalia,Tamias ruficaudus,Montana,Babb,48.8652,-113.434,1936,SDNHM
Mammalia,Tamias ruficaudus,Montana,Babb,48.8652,-113.434,1936,SDNHM
Mammalia,Thomomys talpoides,Montana,Babb,48.8652,-113.434,1936,SDNHM
Mammalia,Thomomys talpoides,Montana,Babb,48.8652,-113.434,1936,SDNHM
Mammalia,Thomomys talpoides,Montana,Babb,48.8652,-113.434,1936,SDNHM
Mammalia,Thomomys talpoides,Montana,Babb,48.8652,-113.434,1936,SDNHM
Mammalia,Thomomys talpoides,Montana,Babb,48.8652,-113.434,1936,SDNHM
Mammalia,Thomomys talpoides,Montana,Babb,48.8652,-113.434,1936,SDNHM
Mammalia,Peromyscus maniculatus,Montana,N/A,46.399,-109.663,1949,UF
Mammalia,Peromyscus maniculatus,Montana,N/A,46.399,-109.663,1949,UF
Mammalia,Neotoma cinerea,Montana,N/A,46.399,-109.663,1949,UF
Mammalia,Mephitis mephitis,Montana,N/A,46.437,-109.837,1949,UF
Mammalia,Neotoma cinerea,Montana,N/A,46.399,-109.663,1949,UF
Mammalia,Peromyscus maniculatus,Montana,N/A,46.399,-109.663,1949,UF
Mammalia,Ondatra zibethicus,Montana,N/A,46.399,-109.663,1949,UF
Aves,Petrochelidon pyrrhonota,Montana,Rainbow Falls,47.53333,-111.20472,1889,MCZ
Aves,Anthus rubescens,Montana,Gold Run,47.07139,-110.64056,1882,MCZ
Aves,Lanius ludovicianus,Montana,Great Falls,47.50028,-111.3,1889,MCZ
Mammalia,Cynomys ludovicianus,Montana,Billings,45.783249,-108.500687,1941,FMNH
Mammalia,Tamias minimus,Montana,Billings,45.783249,-108.500687,1941,FMNH
Mammalia,Mustela frenata,Montana,Jordan,47.320801,-106.910027,1915,FMNH
Mammalia,Sylvilagus audubonii,Montana,Billings,45.783249,-108.500687,1938,FMNH
Mammalia,Eptesicus fuscus,Montana,Billings,45.783249,-108.500687,1897,FMNH
Mammalia,Mustela nigripes,Montana,Jordan,47.320801,-106.910027,1915,FMNH
Mammalia,Tamias amoenus,Montana,Eagle Creek,48.010983,-109.811851,1897,FMNH
Mammalia,Sylvilagus audubonii,Montana,Billings,45.783249,-108.500687,1897,FMNH
Mammalia,Tamias amoenus,Montana,Eagle Creek,48.010983,-109.811851,1897,FMNH
Mammalia,Mustela nigripes,Montana,Jordan,47.320801,-106.910027,1915,FMNH
Mammalia,Tamias minimus,Montana,Billings,45.783249,-108.500687,1897,FMNH
Mammalia,Mustela nigripes,Montana,Jordan,47.320801,-106.910027,1915,FMNH
Mammalia,Corynorhinus townsendii,Montana,5 mi W Billings,45.783749,-108.604996,1949,FMNH
Mammalia,Bison bison,Montana,"Twodot, Amer Ranch",46.424355,-110.072937,1932,FMNH
Mammalia,Sylvilagus audubonii,Montana,Billings,45.783249,-108.500687,1938,FMNH
Mammalia,Tamias minimus,Montana,near Jordan,47.320801,-106.910027,1916,FMNH
Mammalia,Tamiasciurus hudsonicus,Montana,Eagle Creek,48.010983,-109.811851,1897,FMNH
Mammalia,Tamias umbrinus,Montana,Nye,45.435242,-109.812035,1938,FMNH
Mammalia,Mustela frenata,Montana,Jordan,47.320801,-106.910027,1915,FMNH
Mammalia,Mustela frenata,Montana,Eagle Creek,48.010983,-109.811851,1897,FMNH
Mammalia,Lepus townsendii,Montana,Livingston,45.662434,-110.561066,1938,FMNH
Mammalia,Tamias minimus,Montana,Billings,45.783249,-108.500687,1941,FMNH
Mammalia,Tamias minimus,Montana,Billings,45.783249,-108.500687,1897,FMNH
Mammalia,Sylvilagus audubonii,Montana,Billings,45.783249,-108.500687,1897,FMNH
Mammalia,Tamiasciurus hudsonicus,Montana,Eagle Creek,48.010983,-109.811851,1897,FMNH
Mammalia,Mustela nigripes,Montana,Jordan,47.320801,-106.910027,1915,FMNH
Aves,Buteo regalis,Montana,Woodpile Coulee,48.934444,-109.45,1915,SBMNH
Mammalia,Peromyscus maniculatus,Montana,Winnecook,46.4,-109.663333,1949,SBMNH
Aves,Petrochelidon pyrrhonota,Montana,Rainbow Falls,47.53333,-111.20472,1889,MCZ
Aves,Asio otus,Montana,Lower Sun River,47.3,-111.36667,1889,MCZ
Aves,Cinclus mexicanus,Montana,Belt Mts.,46.45417,-111.26444,1882,MCZ
Aves,Lanius ludovicianus,Montana,Great Falls,47.50028,-111.3,1889,MCZ
Aves,Ammodramus savannarum,Montana,Rainbow Falls,47.53833,-111.19917,1889,MCZ
Mammalia,Sorex vagrans,Montana,"GLACIER NAT'L PARK, ST. MARY",48.75161,-113.43143,1926,ASU
Mammalia,Sorex vagrans,Montana,"ST. MARY, GLACIER NAT'L PARK",48.74874,-113.43727,1926,ASU
Aves,Hirundo rustica,Montana,Rainbow Falls,47.53833,-111.19917,1889,MCZ
Aves,Piranga ludoviciana,Montana,Belt Creek,47.55306,-110.9575,1889,MCZ
Aves,Tachycineta thalassina,Montana,Great Falls,47.50028,-111.30083,1885,MCZ
Aves,Bombycilla garrulus,Montana,Fort Custer,45.72694,-107.57444,1885,MCZ
Aves,Asio flammeus,Montana,"confluence of Pryor Creek and Yellowstone River, near Pryor's Fork [near present town of Huntley, MT]",45.9,-108.3,1860,MCZ
Aves,Passerina amoena,Montana,Belt River,47.55306,-110.95667,1889,MCZ
Aves,Bombycilla cedrorum,Montana,Chief Mountain Lake,48.9328,-113.6093,1874,MNHN
Aves,Poecile atricapillus,Montana,NA,45.7305,-107.5743,1885,MNHN
Mammalia,Sorex monticolus,Montana,Lost horse Ck. Bitterroot,46.679,-110.044,1947,NBM
Aves,Tachycineta thalassina,Montana,Belt River Canon,47.41139,-110.65667,1889,MCZ
Aves,Eremophila alpestris,Montana,Great Falls,47.50028,-111.30083,1889,MCZ
Aves,Anthus rubescens,Montana,Gold Run,47.07139,-110.64056,1882,MCZ
Aves,Buteo regalis,Montana,"North Fork Creek, Blaine, Montana, USA",47.0003,-109.751,1916,"Ohio State University - Bird Division, Columbus, OH (OSUM)"
Aves,Buteo regalis,Montana,"North Fork Creek, Blaine, Montana, USA",47.0003,-109.751,1914,"Ohio State University - Bird Division, Columbus, OH (OSUM)"
Aves,Sialia currucoides,Montana,"Libby, Montana, USA",47.0003,-109.751,1919,"Ohio State University - Bird Division, Columbus, OH (OSUM)"
Aves,Tympanuchus phasianellus,Montana,"small foothills of the Bear Paw Mtns, Chouteau, Montana, USA",47.0003,-109.751,1899,"Ohio State University - Bird Division, Columbus, OH (OSUM)"
Aves,Chlidonias niger,Montana,"Upper Mo. and Yellowstone, Montana, USA",47.0003,-109.751,1892,"Ohio State University - Bird Division, Columbus, OH (OSUM)"
Aves,Bonasa umbellus,Montana,"Columbia Falls ,foot of Teakettle Mt, Montana, USA",47.0003,-109.751,1899,"Ohio State University - Bird Division, Columbus, OH (OSUM)"
Aves,Bombycilla garrulus,Montana,"Montana, USA",47.0003,-109.751,1889,"Ohio State University - Bird Division, Columbus, OH (OSUM)"
Aves,Petrochelidon pyrrhonota,Montana,Rainbow Falls,47.53333,-111.20472,1889,MCZ
Aves,Eremophila alpestris,Montana,Great Falls,47.50028,-111.30083,1889,MCZ
Aves,Ammodramus savannarum,Montana,Rainbow Falls,47.53833,-111.19917,1889,MCZ
Amphibia,Anaxyrus woodhousii,Montana,"Ekalaka, 15 mi N of, Medicine Rocks",46.0431,-104.469,1916,USNM
Aves,Tachycineta thalassina,Montana,Rainbow Falls,47.53833,-111.19917,1889,MCZ
Aves,Piranga ludoviciana,Montana,Belt Mountains,46.75,-111.58333,1880,MCZ
Aves,Lanius ludovicianus,Montana,Great Falls,47.50028,-111.3,1889,MCZ
Aves,Ammodramus savannarum,Montana,Rainbow Falls,47.53833,-111.19917,1889,MCZ
Aves,Bombycilla garrulus,Montana,Fort Custer,45.72694,-107.57444,1885,MCZ
Aves,Falco peregrinus,Montana,Ft. Custer,45.7325,-107.61139,1885,MCZ
Aves,Hirundo rustica,Montana,Great Falls,47.50028,-111.30083,1889,MCZ
Aves,Eremophila alpestris,Montana,Great Falls,47.50028,-111.3,1886,MCZ
Aves,Anthus rubescens,Montana,Belt Creek,47.55306,-110.9575,1881,MCZ
Aves,Piranga ludoviciana,Montana,Belt Creek (Dry Fork),47.55,-110.95,1889,MCZ
Aves,Bombycilla cedrorum,Montana,Rainbow Falls,47.53833,-111.19917,1889,MCZ
Amphibia,Lithobates pipiens,Montana,Glasgow,48.18,-106.63,1919,USNM
Aves,Passerina amoena,Montana,Belt River,47.55306,-110.95667,1889,MCZ
Aves,Petrochelidon pyrrhonota,Montana,Rainbow Falls,47.53333,-111.20472,1889,MCZ
Aves,Pooecetes gramineus,Montana,Rainbow Falls,47.5,-111.3,1889,MCZ
Amphibia,Anaxyrus woodhousii,Montana,"Ekalaka, 15 mi N of, Medicine Rocks",46.0431,-104.469,1916,USNM
Aves,Petrochelidon pyrrhonota,Montana,Rainbow Falls,47.53333,-111.20472,1889,MCZ
Aves,Piranga ludoviciana,Montana,Belt Mountains,46.75,-111.58333,1880,MCZ
Aves,Pooecetes gramineus,Montana,Rainbow Falls,47.5,-111.3,1889,MCZ
Aves,Setophaga striata,Montana,Crooked Falls,47.5,-111.3,1888,MCZ
Aves,Pooecetes gramineus,Montana,Rainbow Falls,47.5,-111.3,1889,MCZ
Amphibia,Anaxyrus woodhousii,Montana,"Ekalaka, 15 mi N of, Medicine Rocks",46.0431,-104.469,1916,USNM
Amphibia,Anaxyrus woodhousii,Montana,"Ekalaka, 15 mi N of, Medicine Rocks",46.0431,-104.469,1916,USNM
Mammalia,Sorex monticolus,Montana,"Babb, 1.5 Mi S, 2.5 Mi W Of",48.83,-113.49,1949,KU
Mammalia,Sorex monticolus,Montana,"Cut Bank, 1 Mi W Of",48.63,-112.34,1948,KU
Mammalia,Sorex monticolus,Montana,"Augusta, 6.5 Mi N, 17.125 Mi W Of",47.58,-112.76,1949,KU
Aves,Cinclus mexicanus,Montana,Rainbow Falls,47.53833,-111.19917,1889,MCZ
Aves,Poecile atricapillus,Montana,Belt R.,47.55,-110.95,1889,MCZ
Aves,Lanius ludovicianus,Montana,Great Falls,47.50028,-111.3,1886,MCZ
Aves,Eremophila alpestris,Montana,Fort Custer,45.72694,-107.57444,1885,MCZ
Aves,Hirundo rustica,Montana,Great Falls,47.50028,-111.30083,1889,MCZ
Aves,Bartramia longicauda,Montana,Mouth of the Sand Coulee,47.39944,-111.16694,1889,MCZ
Aves,Pooecetes gramineus,Montana,Rainbow Falls,47.5,-111.3,1889,MCZ
Aves,Lanius excubitor,Montana,Great Falls,47.50028,-111.30083,1885,MCZ
Aves,Tachycineta thalassina,Montana,Middle Belt River,47.41139,-110.65667,1889,MCZ
Aves,Riparia riparia,Montana,Great Falls,47.50028,-111.30083,1889,MCZ
Aves,Eremophila alpestris,Montana,Rainbow Falls,47.53833,-111.19917,1889,MCZ
Aves,Piranga ludoviciana,Montana,Belt Creek,47.55306,-110.9575,1881,MCZ
Aves,Bombycilla garrulus,Montana,Fort Custer,45.72694,-107.57444,1885,MCZ
Aves,Petrochelidon pyrrhonota,Montana,Rainbow Falls,47.53333,-111.20472,1889,MCZ
Aves,Eremophila alpestris,Montana,Rainbow Falls,47.53833,-111.19917,1888,MCZ
Aves,Chordeiles minor,Montana,Midvale (East Glacier Park),48.44139,-113.21722,1907,MCZ
Aves,Lanius excubitor,Montana,Great Falls,47.50028,-111.30083,1892,MCZ
Aves,Ammodramus savannarum,Montana,Upper Box Elder Cr.,48.31722,-110.0125,1889,MCZ
Aves,Pooecetes gramineus,Montana,Rainbow Falls,47.5,-111.3,1889,MCZ
Aves,Lanius ludovicianus,Montana,Great Falls,47.50028,-111.3,1890,MCZ
Aves,Passerina amoena,Montana,Belt Mts,46.75,-111.59556,1880,MCZ
Amphibia,Anaxyrus woodhousii,Montana,"Ekalaka, 15 mi N of, Medicine Rocks",46.0431,-104.469,1916,USNM
Aves,Eremophila alpestris,Montana,Sun River,47.533379,-111.72138699999999,1867,CUMV
Aves,Leucosticte tephrocotis,Montana,no specific locality,45.683333,-109.433333,1914,UMMZ
Aves,Pelecanus erythrorhynchos,Montana,Lake Bowdoin,48.333332,-107.900002,1936,UMMZ
Aves,Leucosticte tephrocotis,Montana,no specific locality,45.683333,-109.433333,1914,UMMZ
Aves,Dryobates pubescens,Montana,no specific locality,45.683333,-109.433333,1914,UMMZ
Aves,Larus delawarensis,Montana,Lake Bowdoin,48.333332,-107.900002,1936,UMMZ
Aves,Recurvirostra americana,Montana,Lake Bowdoin,48.333332,-107.900002,1936,UMMZ
Aves,Leucosticte tephrocotis,Montana,no specific locality,45.683333,-109.433333,1917,UMMZ
Aves,Larus delawarensis,Montana,Lake Bowdoin,48.333332,-107.900002,1936,UMMZ
Aves,Seiurus aurocapilla,Montana,Decker,45.016666,-106.866669,1948,UMMZ
Aves,Pelecanus erythrorhynchos,Montana,Lake Bowdoin,48.333332,-107.900002,1936,UMMZ
Aves,Junco hyemalis,Montana,no specific locality,45.683333,-109.433333,1917,UMMZ
Aves,Leucosticte tephrocotis,Montana,no specific locality,45.683333,-109.433333,1914,UMMZ
Amphibia,Anaxyrus woodhousii,Montana,"Ekalaka, 15 mi N of, Medicine Rocks",46.0431,-104.469,1916,USNM
Mammalia,Urocitellus richardsonii,Montana,LIVINGSTON; 6 MI S,45.616667,-110.55,1920,UCLA
Mammalia,Urocitellus richardsonii,Montana,LIVINGSTON; 6 MI S,45.616667,-110.55,1920,UCLA
Mammalia,Urocitellus richardsonii,Montana,LIVINGSTON; 6 MI S,45.616667,-110.55,1920,UCLA
Mammalia,Sylvilagus nuttallii,Montana,LIVINGSTON; 6 MI S,45.616667,-110.55,1920,UCLA
Mammalia,Tamias amoenus,Montana,LIVINGSTON; 6 MI S,45.616667,-110.55,1920,UCLA
Mammalia,Urocitellus richardsonii,Montana,LIVINGSTON; 6 MI S,45.616667,-110.55,1920,UCLA
Mammalia,Urocitellus richardsonii,Montana,LIVINGSTON; 6 MI S,45.616667,-110.55,1920,UCLA
Mammalia,Urocitellus richardsonii,Montana,LIVINGSTON; 6 MI S,45.616667,-110.55,1920,UCLA
Mammalia,Urocitellus richardsonii,Montana,LIVINGSTON; 6 MI S,45.616667,-110.55,1920,UCLA
Mammalia,Urocitellus richardsonii,Montana,LIVINGSTON; 6 MI S,45.616667,-110.55,1920,UCLA
Mammalia,Urocitellus richardsonii,Montana,LIVINGSTON; 6 MI S,45.616667,-110.55,1920,UCLA
Mammalia,Urocitellus richardsonii,Montana,LIVINGSTON; 6 MI S,45.616667,-110.55,1920,UCLA
Aves,Catharus ustulatus,Montana,Miles city,46.416667,-105.85,1919,UCLA
Aves,Euphagus carolinus,Montana,MILES CITY; MOUTH OF TONGUE RIVER,46.416667,-105.85,1919,UCLA
Aves,Colaptes auratus,Montana,MILES CITY; MOUTH OF TONGUE RIVER,46.416667,-105.85,1920,UCLA
Aves,Passerculus sandwichensis,Montana,MILES CITY; N SIDE YELLOWSTONE RIVER,46.416667,-105.85,1919,UCLA
Aves,Catharus ustulatus,Montana,Miles city,46.416667,-105.85,1920,UCLA
Aves,Passerculus sandwichensis,Montana,Miles city,46.416667,-105.85,1900,UCLA
Aves,Catharus ustulatus,Montana,Miles city,46.416667,-105.85,1919,UCLA
Aves,Catharus ustulatus,Montana,Miles city,46.416667,-105.85,1920,UCLA
Aves,Eremophila alpestris,Montana,Miles city,46.416667,-105.85,1919,UCLA
Aves,Eremophila alpestris,Montana,Miles city,46.416667,-105.85,1920,UCLA
Aves,Eremophila alpestris,Montana,Miles city,46.416667,-105.85,1920,UCLA
Aves,Eremophila alpestris,Montana,Miles city,46.416667,-105.85,1920,UCLA
Aves,Junco hyemalis,Montana,Miles city,46.416667,-105.85,1920,UCLA
Aves,Junco hyemalis,Montana,Miles city,46.416667,-105.85,1920,UCLA
Aves,Junco hyemalis,Montana,Miles city,46.416667,-105.85,1920,UCLA
Aves,Junco hyemalis,Montana,Miles city,46.416667,-105.85,1920,UCLA
Aves,Junco hyemalis,Montana,Miles city,46.416667,-105.85,1920,UCLA
Aves,Eremophila alpestris,Montana,Miles city,46.416667,-105.85,1920,UCLA
Aves,Eremophila alpestris,Montana,Miles city,46.416667,-105.85,1920,UCLA
Aves,Eremophila alpestris,Montana,Miles city,46.416667,-105.85,1920,UCLA
Aves,Eremophila alpestris,Montana,Miles city,46.416667,-105.85,1920,UCLA
Aves,Eremophila alpestris,Montana,Miles city,46.416667,-105.85,1920,UCLA
Aves,Eremophila alpestris,Montana,Miles city,46.416667,-105.85,1920,UCLA
Aves,Eremophila alpestris,Montana,Miles city,46.416667,-105.85,1919,UCLA
Aves,Eremophila alpestris,Montana,Miles city,46.416667,-105.85,1919,UCLA
Aves,Eremophila alpestris,Montana,Miles city,46.416667,-105.85,1919,UCLA
Aves,Eremophila alpestris,Montana,Miles city,46.416667,-105.85,1920,UCLA
Aves,Eremophila alpestris,Montana,Miles city,46.416667,-105.85,1919,UCLA
Aves,Acanthis flammea,Montana,Miles city,46.416667,-105.85,1920,UCLA
Aves,Melospiza lincolnii,Montana,Miles city,46.416667,-105.85,1920,UCLA
Aves,Melospiza lincolnii,Montana,Miles city,46.416667,-105.85,1920,UCLA
Aves,Setophaga aestiva,Montana,Miles city,46.416667,-105.85,1919,UCLA
Aves,Melospiza lincolnii,Montana,Miles city,46.416667,-105.85,1920,UCLA
Aves,Setophaga coronata,Montana,Miles city,46.416667,-105.85,1920,UCLA
Aves,Acanthis flammea,Montana,Miles city,46.416667,-105.85,1920,UCLA
Aves,Junco hyemalis,Montana,Miles city,46.416667,-105.85,1920,UCLA
Aves,Acanthis flammea,Montana,Miles city,46.416667,-105.85,1920,UCLA
Aves,Acanthis flammea,Montana,Miles city,46.416667,-105.85,1920,UCLA
Aves,Acanthis flammea,Montana,Miles city,46.416667,-105.85,1920,UCLA
Aves,Acanthis flammea,Montana,Miles city,46.416667,-105.85,1920,UCLA
Aves,Acanthis flammea,Montana,Miles city,46.416667,-105.85,1920,UCLA
Aves,Acanthis flammea,Montana,Miles city,46.416667,-105.85,1920,UCLA
Aves,Acanthis flammea,Montana,Miles city,46.416667,-105.85,1920,UCLA
Aves,Leiothlypis celata,Montana,Miles city,46.416667,-105.85,1920,UCLA
Aves,Setophaga coronata,Montana,Miles city,46.416667,-105.85,1920,UCLA
Aves,Leiothlypis celata,Montana,Miles city,46.416667,-105.85,1920,UCLA
Mammalia,Urocitellus richardsonii,Montana,Livingston area,45.616667,-110.55,1920,UCLA
Amphibia,Anaxyrus woodhousii,Montana,"Ekalaka, 15 mi N of, Medicine Rocks",46.0431,-104.469,1916,USNM
Amphibia,Anaxyrus woodhousii,Montana,"Ekalaka, 15 mi N of, Medicine Rocks",46.0431,-104.469,1916,USNM
Amphibia,Anaxyrus woodhousii,Montana,"Ekalaka, 15 mi N of, Medicine Rocks",46.0431,-104.469,1916,USNM
Aves,Troglodytes aedon,Montana,Pompeys Pillar,45.99139,-107.95139,1873,MCZ
Aves,Petrochelidon pyrrhonota,Montana,Rainbow Falls,47.53333,-111.20472,1889,MCZ
Aves,Lanius excubitor,Montana,Great Falls,47.50028,-111.30083,1883,MCZ
Aves,Lanius ludovicianus,Montana,Great Falls,47.50028,-111.3,1890,MCZ
Aves,Pooecetes gramineus,Montana,Rainbow Falls,47.5,-111.3,1889,MCZ
Aves,Ammodramus savannarum,Montana,Rainbow Falls,47.53833,-111.19917,1889,MCZ
Aves,Pooecetes gramineus,Montana,Fort Custer,45.65,-108.71444,1881,MCZ
Mammalia,Cynomys ludovicianus,Montana,Billings,45.783249,-108.500687,1940,FMNH
Mammalia,Tamias amoenus,Montana,Eagle Creek,48.010983,-109.811851,1897,FMNH
Mammalia,Dipodomys ordii,Montana,"24MI N ROUNDUP,8MI SW FLATWILLOW",46.8012349,-108.5374433,1942,UMMZ
Mammalia,Dipodomys ordii,Montana,"24MI N ROUNDUP,8MI SW FLATWILLOW",46.8012349,-108.5374433,1942,UMMZ
Amphibia,Lithobates pipiens,Montana,Glasgow,48.18,-106.63,1919,USNM
Aves,Tachycineta thalassina,Montana,Middle Belt River,47.41139,-110.65667,1889,MCZ
Aves,Riparia riparia,Montana,Rainbow Falls,47.53833,-111.19917,1889,MCZ
Aves,Eremophila alpestris,Montana,Rainbow Falls,47.53833,-111.19917,1889,MCZ
Aves,Piranga ludoviciana,Montana,Belt Creek,47.55306,-110.9575,1889,MCZ
Aves,Ammodramus savannarum,Montana,Rainbow Falls,47.53833,-111.19917,1889,MCZ
Aves,Passerina amoena,Montana,Belt River (Dry Fork),47.55306,-110.95667,1889,MCZ
Amphibia,Lithobates pipiens,Montana,East Pryor Creek,45.4606,-108.317,1900,USNM
Mammalia,Tamias minimus,Montana,Billings,45.783328,-108.500003,1909,UCM
Amphibia,Anaxyrus woodhousii,Montana,"Ekalaka, 15 mi N of, Medicine Rocks",46.0431,-104.469,1916,USNM
Aves,Tachycineta thalassina,Montana,Middle Belt River,47.41139,-110.65667,1889,MCZ
Aves,Cinclus mexicanus,Montana,Falls of Missouri,47.57,-111.12306,1889,MCZ
Aves,Piranga ludoviciana,Montana,Belt Creek,47.55306,-110.9575,1889,MCZ
Aves,Asio flammeus,Montana,Rainbow Falls,47.53833,-111.19917,1889,MCZ
Aves,Lanius ludovicianus,Montana,Great Falls,47.50028,-111.3,1889,MCZ
Aves,Passerina amoena,Montana,Belt River,47.55306,-110.95667,1889,MCZ
Aves,Pooecetes gramineus,Montana,Fort Custer,45.65,-108.71444,1881,MCZ
Aves,Setophaga ruticilla,Montana,"Bridgers Creek, Gallatin county",46,-110.5,1888,NA
Aves,Leuconotopicus villosus,Montana,"Fort Keogh [=W Miles City], Custer county",46.4083,-105.8583,1889,NA
Aves,Troglodytes aedon,Montana,near old Fort Sarpy,46.28056,-106.46028,1873,MCZ
Aves,Hirundo rustica,Montana,Great Falls,47.50028,-111.30083,1889,MCZ
Aves,Piranga ludoviciana,Montana,Belt Creek,47.55306,-110.9575,1889,MCZ
Amphibia,Anaxyrus woodhousii,Montana,"Ekalaka, 15 mi N of, Medicine Rocks",46.0431,-104.469,1916,USNM
Mammalia,Urocitellus armatus,Montana,"Gardiner, Park Co., Montana, USA",47.0003,-109.751,1941,"Ohio State University - Mammal Division, Columbus, OH (OSUM)"
Amphibia,Anaxyrus woodhousii,Montana,"Ekalaka, 15 mi N of, Medicine Rocks",46.0431,-104.469,1916,USNM
Amphibia,Anaxyrus woodhousii,Montana,Jordan,47.318869,-106.909027,1917,UMMZ
Amphibia,Lithobates pipiens,Montana,8 MI S WYOLA,45.009866,-107.4019,1921,UMMZ
Amphibia,Rana pretiosa,Montana,St marys glacier nat park,48.738082,-113.426606,1927,UMMZ
Amphibia,Pseudacris triseriata,Montana,14 MI N W OF ALZADA,45.16557,-104.616315,1939,UMMZ
Amphibia,Spea bombifrons,Montana,Jordan,47.318869,-106.909027,1917,UMMZ
Amphibia,Rana pretiosa,Montana,St marys glacier nat park,48.738082,-113.426606,1927,UMMZ
Amphibia,Anaxyrus woodhousii,Montana,Tongue riv at miles city,46.39829,-105.856263,1926,UMMZ
Amphibia,Anaxyrus woodhousii,Montana,5 MI N HARDIN KENTS RANCH,45.775089,-107.69491,1921,UMMZ
Amphibia,Anaxyrus woodhousii,Montana,2 MI S MILES CITY,46.372145,-105.836885,1934,UMMZ
Amphibia,Anaxyrus woodhousii,Montana,Jordan,47.318869,-106.909027,1917,UMMZ
Amphibia,Spea bombifrons,Montana,4 1/2 MI W GREAT FALLS,47.513574,-105.400337,1934,UMMZ
Amphibia,Anaxyrus woodhousii,Montana,Jordan,47.318869,-106.909027,1917,UMMZ
Amphibia,Rana pretiosa,Montana,St marys glacier nat park,48.743685,-113.440766,1927,UMMZ
Amphibia,Spea bombifrons,Montana,Jordan,47.318869,-106.909027,1917,UMMZ
Amphibia,Lithobates pipiens,Montana,Musselshell river at shamut,46.337039,-109.526451,1942,UMMZ
Amphibia,Anaxyrus boreas,Montana,St marys glacier nat park,48.743685,-113.440766,1927,UMMZ
Amphibia,Anaxyrus woodhousii,Montana,Jordan,47.318869,-106.909027,1917,UMMZ
Amphibia,Pseudacris triseriata,Montana,2 MI S MILES CITY,46.372145,-105.836885,1934,UMMZ
Amphibia,Lithobates pipiens,Montana,Pennel cr,46.505771,-104.525336,1926,UMMZ
Amphibia,Anaxyrus woodhousii,Montana,Jordan,47.318869,-106.909027,1917,UMMZ
Amphibia,Anaxyrus boreas,Montana,St marys glacier nat park,48.743685,-113.440766,1927,UMMZ
Amphibia,Anaxyrus woodhousii,Montana,5 MI N HARDIN KENTS RANCH,45.775089,-107.69491,1921,UMMZ
Amphibia,Anaxyrus woodhousii,Montana,Jordan,47.318869,-106.909027,1917,UMMZ
Amphibia,Anaxyrus boreas,Montana,St marys glacier nat park,48.743685,-113.440766,1927,UMMZ
Amphibia,Anaxyrus woodhousii,Montana,Jordan,47.318869,-106.909027,1917,UMMZ
Amphibia,Anaxyrus woodhousii,Montana,Jordan,47.318869,-106.909027,1917,UMMZ
Amphibia,Rana pretiosa,Montana,St marys glacier nat park,48.738082,-113.426606,1927,UMMZ
Squamata,Phrynosoma ornatissimum,Montana,Billings,45.786158,-108.527811,1904,CAS
Squamata,Phrynosoma ornatissimum,Montana,Powderville,45.758886,-105.115425,1903,CAS
Squamata,Phrynosoma ornatissimum,Montana,Billings,45.786158,-108.527811,1904,CAS
Squamata,Phrynosoma ornatissimum,Montana,Billings,45.786158,-108.527811,1904,CAS
Squamata,Phrynosoma ornatissimum,Montana,Billings,45.786158,-108.527811,1904,CAS
Squamata,Phrynosoma ornatissimum,Montana,Forsyth,46.267706,-106.679336,1903,CAS
Squamata,Phrynosoma brevirostris,Montana,Rosebud,46.2749,-106.443172,1910,CAS
Squamata,Phrynosoma brevirostris,Montana,Rosebud,46.2749,-106.443172,1910,CAS
Squamata,Lampropeltis gentilis,Montana,"17 mi SE Miles City, on Pumkin Cr. (near US 212).",46.20182,-105.64577,1949,BYU
Squamata,Crotalus viridis,Montana,JORDAN,47.318869,-106.909027,1917,UMMZ
Squamata,Thamnophis radix,Montana,2 MI S MILES CITY,46.401473,-105.847051,1934,UMMZ
Squamata,Thamnophis radix,Montana,10 MI N W MILES CITY,46.509746,-105.986444,1939,UMMZ
Squamata,Thamnophis elegans,Montana,SWIMMING WOMAN CANYON BIG SNOWY MT SOUTH SIDE,46.718925,-109.340677,1942,UMMZ
Squamata,Crotalus viridis,Montana,8 MI S HARLOWTON,46.317437,-109.828234,1932,UMMZ
Squamata,Crotalus viridis,Montana,2 1/2 MI W OF KEVIN,48.745415,-112.032904,1933,UMMZ
Squamata,Thamnophis sirtalis,Montana,ST MARYS GLACIER NAT PARK,48.738956,-113.420962,1927,UMMZ
Squamata,Crotalus viridis,Montana,8 MI S HARLOWTON,46.317437,-109.828234,1932,UMMZ
Squamata,Crotalus viridis,Montana,2 MI S HEDGESVILLE,46.430385,-109.502851,1932,UMMZ
Squamata,Crotalus viridis,Montana,2 1/2 MI W OF KEVIN,48.745415,-112.032904,1933,UMMZ
Testudines,Apalone spinifera,Montana,MUSSELSHELL RIVER,46.313869,-109.402177,1942,UMMZ
Squamata,Thamnophis elegans,Montana,SWEET GRASS CR,46.03693,-109.791182,1942,UMMZ
Squamata,Thamnophis radix,Montana,14 MI N W OF ALZADA,45.16557,-104.616315,1939,UMMZ
Squamata,Crotalus viridis,Montana,8 MI S HARLOWTON,46.317005,-109.83088,1926,UMMZ
Squamata,Crotalus viridis,Montana,8 MI S HARLOWTON,46.317222,-109.829226,1932,UMMZ
Squamata,Crotalus viridis,Montana,25 MI S HARLOWTON,46.070408,-109.842124,1932,UMMZ
Squamata,Crotalus viridis,Montana,2 MI S HEDGESVILLE,46.430385,-109.502851,1932,UMMZ
Squamata,Crotalus viridis,Montana,KEVIN,48.754928,-111.983126,1933,UMMZ
Squamata,Coluber constrictor,Montana,16 MI N W BROADUS,45.590085,-105.633573,1939,UMMZ
Squamata,Thamnophis radix,Montana,MILES CITY,46.40633,-105.840035,1904,UMMZ
Squamata,Crotalus viridis,Montana,8 MI S HARLOWTON,46.317222,-109.829226,1932,UMMZ
Squamata,Crotalus viridis,Montana,CASCADE,47.2692,-111.70053,1927,UMMZ
Squamata,Thamnophis elegans,Montana,ST MARYS GLACIER NAT PARK,48.742226,-113.427622,1927,UMMZ
Squamata,Crotalus viridis,Montana,2 1/2 MI W OF KEVIN,48.745415,-112.032904,1933,UMMZ
Squamata,Crotalus viridis,Montana,8 MI S HARLOWTON,46.317437,-109.828234,1932,UMMZ
Squamata,Crotalus viridis,Montana,8 MI S HARLOWTON,46.317437,-109.828234,1932,UMMZ
Testudines,Chrysemys picta,Montana,BURNS  CAUGHT ON ROAD HWY 14 IN YELLOWSTONE RIVER VALLEY,47.375075,-104.402968,1939,UMMZ
Squamata,Thamnophis elegans,Montana,BILLINGS,45.78398,-108.510808,1904,UMMZ
Squamata,Crotalus viridis,Montana,2 MI S HEDGESVILLE,46.430385,-109.502851,1932,UMMZ
Squamata,Crotalus viridis,Montana,8 MI S HARLOWTON,46.317437,-109.828234,1932,UMMZ
Squamata,Coluber constrictor,Montana,43 MI S E MILES CITY HWY 22,45.786204,-105.66228,1939,UMMZ
Squamata,Crotalus viridis,Montana,8 MI S HARLOWTON,46.317222,-109.829226,1932,UMMZ
Squamata,Crotalus viridis,Montana,2 MI S HEDGESVILLE,46.428321,-109.501905,1933,UMMZ
Squamata,Crotalus viridis,Montana,8 MI S HARLOWTON,46.317222,-109.829226,1932,UMMZ
Squamata,Crotalus viridis,Montana,2 MI S HEDGESVILLE,46.430385,-109.502851,1932,UMMZ
Squamata,Crotalus viridis,Montana,2 1/2 MI W OF KEVIN,48.745415,-112.032904,1933,UMMZ
Squamata,Crotalus viridis,Montana,8 MI S HARLOWTON,46.316307,-109.82957,1935,UMMZ
Squamata,Thamnophis radix,Montana,JORDAN,47.318869,-106.909027,1917,UMMZ
Squamata,Crotalus viridis,Montana,8 MI S HARLOWTON,46.317437,-109.828234,1932,UMMZ
Squamata,Crotalus viridis,Montana,8 MI S HARLOWTON,46.317437,-109.828234,1932,UMMZ
Squamata,Crotalus viridis,Montana,2 MI S HEDGESVILLE,46.430385,-109.502851,1932,UMMZ
Squamata,Coluber constrictor,Montana,6.5 MI S E BROADUS,45.39816,-105.352892,1939,UMMZ
Squamata,Crotalus viridis,Montana,8 MI S HARLOWTON,46.317437,-109.828234,1932,UMMZ
Squamata,Crotalus viridis,Montana,2 MI S HEDGESVILLE,46.430385,-109.502851,1932,UMMZ
Squamata,Crotalus viridis,Montana,8 MI S HARLOWTON,46.316307,-109.82957,1935,UMMZ
Squamata,Thamnophis sirtalis,Montana,3 MI S SIDNEY,47.670942,-104.157075,1939,UMMZ
Squamata,Thamnophis elegans,Montana,SWIMMING WOMAN CANYON BIG SNOWY MT SOUTH SIDE,46.718925,-109.340677,1942,UMMZ
Squamata,Thamnophis elegans,Montana,VOLTA DAM 13.5 MI BELOW GREAT FALLS,47.587897,-111.058893,1942,UMMZ
Squamata,Crotalus viridis,Montana,2 MI S HEDGESVILLE,46.430385,-109.502851,1932,UMMZ
Squamata,Crotalus viridis,Montana,2 1/2 MI W OF KEVIN,48.743392,-112.030809,1932,UMMZ
Squamata,Coluber constrictor,Montana,8 MI E OF BIG TIMBEE,45.823464,-109.798721,1926,UMMZ
Squamata,Crotalus viridis,Montana,JORDAN,47.318869,-106.909027,1917,UMMZ
Squamata,Crotalus viridis,Montana,8 MI S HARLOWTON,46.317437,-109.828234,1932,UMMZ
Squamata,Crotalus viridis,Montana,8 MI S HARLOWTON,46.317222,-109.829226,1932,UMMZ
Squamata,Crotalus viridis,Montana,KEVIN,48.754928,-111.983126,1933,UMMZ
Squamata,Crotalus viridis,Montana,2 MI S HEDGESVILLE,46.430385,-109.502851,1932,UMMZ
Squamata,Crotalus viridis,Montana,2 MI S HEDGESVILLE,46.430385,-109.502851,1932,UMMZ
Squamata,Crotalus viridis,Montana,2 MI S HEDGESVILLE,46.430385,-109.502851,1932,UMMZ
Squamata,Thamnophis sirtalis,Montana,BILLINGS,45.781399,-108.510473,1904,UMMZ
Squamata,Crotalus viridis,Montana,JORDAN,47.318869,-106.909027,1917,UMMZ
Testudines,Chrysemys picta,Montana,Lodgegrass,45.312789,-107.366931,1932,MSB
Testudines,Chrysemys picta,Montana,Miles City,46.4083,-105.84,1888,YPM
Squamata,Phrynosoma hernandesi,Montana,"Yellowstone River, mouth of",47.9994608,-104.0524247,1873,USNM
Squamata,Phrynosoma hernandesi,Montana,Billings,45.7241391,-108.5225281,1909,USNM
Squamata,Thamnophis radix,Montana,Glasgow,48.18,-106.63,1919,USNM
Squamata,Phrynosoma hernandesi,Montana,"Yellowstone River, mouth of",47.9994608,-104.0524247,1873,USNM
Squamata,Crotalus viridis,Montana,Bowers,45.0200618,-105.4804314,1894,USNM
Squamata,Thamnophis sirtalis,Montana,Billings,45.7241391,-108.5225281,1909,USNM
Squamata,Thamnophis sirtalis,Montana,Crow Agency,45.6020465,-107.464496,1916,USNM
Squamata,Thamnophis radix,Montana,"Capitol, 15 mi W of",45.4364658,-104.3744038,1916,USNM
Squamata,Thamnophis elegans,Montana,"Hilger, 7 mi NE of",47.3218288,-109.2485717,1919,USNM
Squamata,Sceloporus graciosus,Montana,Billings,45.7241391,-108.5225281,1909,USNM
Testudines,Chelydra serpentina,Montana,"Ashland, 15 mi SW of, Otter Creek",45.3876558,-106.1414549,1916,USNM
Squamata,Thamnophis sirtalis,Montana,St. Mary's River,48.883497,-113.4267199,1874,USNM
Squamata,Coluber constrictor,Montana,Big Timber,45.8354289,-109.9595708,1922,USNM
Squamata,Sceloporus graciosus,Montana,Billings,45.7241391,-108.5225281,1909,USNM
Squamata,Thamnophis elegans,Montana,"Crazy Mountains, Big Timber Creek",46.0371261,-110.2255812,1917,USNM
Squamata,Phrynosoma hernandesi,Montana,"Powderville, 12 mi W of",45.7559586,-105.3654367,1916,USNM
Squamata,Sceloporus graciosus,Montana,Billings,45.7241391,-108.5225281,1909,USNM
Squamata,Pituophis catenifer,Montana,Crow Agency,45.6020465,-107.464496,1916,USNM
Testudines,Chrysemys picta,Montana,"Terry, 3 mi S of",46.7508554,-105.2814463,1918,USNM
Squamata,Phrynosoma hernandesi,Montana,Painted Robe Creek,46.1871339,-108.9905479,1894,USNM
Squamata,Thamnophis radix,Montana,"Terry, Yellowstone River",46.8003552,-105.3074477,1918,USNM
Squamata,Thamnophis sirtalis,Montana,Crow Agency,45.6020465,-107.464496,1916,USNM
Squamata,Thamnophis sirtalis,Montana,Crow Agency,45.6020465,-107.464496,1916,USNM
Squamata,Thamnophis sirtalis,Montana,Billings,45.7241391,-108.5225281,1909,USNM
Squamata,Thamnophis radix,Montana,"Brockton, 6 mi N of",48.2308559,-104.9114541,1922,USNM
Squamata,Heterodon nasicus,Montana,Big Muddy River,48.1634575,-104.6294446,1874,USNM
Squamata,Thamnophis elegans,Montana,"Ashland, 10 mi SW of, Otter Creek",45.498155,-106.1734572,1916,USNM
Squamata,Pituophis catenifer,Montana,East Pryor Creek,45.4606,-108.317,1900,USNM
Squamata,Coluber constrictor,Montana,"Leedy, 14 mi E of",48.3526348,-108.2555576,1919,USNM
Squamata,Thamnophis sirtalis,Montana,"Lewistown, 1 mi SE of",47.0542283,-109.4165727,1918,USNM
Squamata,Sceloporus graciosus,Montana,Billings,45.7241391,-108.5225281,1909,USNM
Squamata,Thamnophis radix,Montana,"Frenchmans River, near",48.9640409,-107.4065411,1874,USNM
Squamata,Thamnophis elegans,Montana,"Heath, 15 mi S of, Big Snowy Mountains",46.78363,-109.2725645,1918,USNM
Squamata,Crotalus viridis,Montana,"Powderville, 12 mi SW of",45.6268598,-105.2524318,1916,USNM
Squamata,Thamnophis radix,Montana,Glendive,47.1061579,-104.7174338,1916,USNM
Squamata,Phrynosoma hernandesi,Montana,East Pryor Creek,45.4606,-108.317,1900,USNM
Squamata,Thamnophis radix,Montana,Great Falls,47.5166139,-111.3026347,1894,USNM
Squamata,Crotalus viridis,Montana,Crow Agency,45.6020465,-107.464496,1916,USNM
Squamata,Phrynosoma hernandesi,Montana,Billings,45.7241391,-108.5225281,1909,USNM
Squamata,Phrynosoma hernandesi,Montana,Rosebud Creek,45.2032512,-107.0664794,1894,USNM
Squamata,Phrynosoma hernandesi,Montana,East Pryor Creek,45.4606,-108.317,1900,USNM
Squamata,Phrynosoma hernandesi,Montana,"Yellowstone River, mouth of",47.9994608,-104.0524247,1873,USNM
Squamata,Crotalus viridis,Montana,"Powderville, 12 mi SW of",45.6268598,-105.2524318,1916,USNM
Squamata,Thamnophis elegans,Montana,Lame Deer,45.6207514,-106.6754733,1916,USNM
Squamata,Phrynosoma hernandesi,Montana,Billings,45.7241391,-108.5225281,1909,USNM
Squamata,Crotalus viridis,Montana,"Calypso, north side of Yellowstone River",46.7712546,-105.4214508,1918,USNM
Squamata,Sceloporus graciosus,Montana,Billings,45.7241391,-108.5225281,1909,USNM
Squamata,Thamnophis radix,Montana,"Sykes, 25 mi SW of, Boxelder Creek",45.3813645,-104.6494113,1916,USNM
Squamata,Sceloporus graciosus,Montana,"Roundup, 8 mi S of",46.3246362,-108.5665375,1908,USNM
Squamata,Crotalus viridis,Montana,Crow Agency,45.6020465,-107.464496,1916,USNM
Squamata,Pituophis catenifer,Montana,"Hardin, 8 mi S of",45.6143456,-107.6065002,1917,USNM
Squamata,Thamnophis radix,Montana,Big Muddy River,48.1634575,-104.6294446,1874,USNM
Squamata,Thamnophis elegans,Montana,"Hilger, 5 mi NW of, Mocassin Mountains",47.2722275,-109.4605772,1919,USNM
Squamata,Phrynosoma hernandesi,Montana,"Yellowstone River, mouth of",47.9994608,-104.0524247,1873,USNM
Squamata,Phrynosoma hernandesi,Montana,"Yellowstone River, mouth of",47.9994608,-104.0524247,1873,USNM
Squamata,Crotalus viridis,Montana,Great Falls,47.5166139,-111.3026347,1894,USNM
Squamata,Phrynosoma hernandesi,Montana,"Powderville, 8 mi SW of",45.6745597,-105.2324318,1916,USNM
Squamata,Crotalus viridis,Montana,Glendive,47.1061579,-104.7174338,1916,USNM
Squamata,Thamnophis sirtalis,Montana,Billings,45.7241391,-108.5225281,1909,USNM
Squamata,Phrynosoma hernandesi,Montana,"Yellowstone River, mouth of",47.9994608,-104.0524247,1873,USNM
Squamata,Phrynosoma hernandesi,Montana,"Yellowstone River, mouth of",47.9994608,-104.0524247,1873,USNM
Squamata,Phrynosoma hernandesi,Montana,"Powderville, 12 mi W of",45.7559586,-105.3654367,1916,USNM
Squamata,Phrynosoma hernandesi,Montana,"Cohagen, 15 mi SE of",46.8961483,-106.4024816,1918,USNM
Squamata,Phrynosoma hernandesi,Montana,"Terry, 25 mi N of",47.1414543,-105.3254526,1909,USNM
Squamata,Phrynosoma hernandesi,Montana,"Cohagen, divide betwn Dry and Porcupine Creeks, 30 mi SW of",46.9194437,-107.1345036,1918,USNM
Squamata,Thamnophis sirtalis,Montana,Billings,45.7241391,-108.5225281,1909,USNM
Testudines,Chrysemys picta,Montana,"Crow Agency, 12 mi S of",45.4284478,-107.4004919,1917,USNM
Testudines,Apalone spinifera,Montana,Crow Agency,45.6020465,-107.464496,1916,USNM
Squamata,Thamnophis radix,Montana,"Lismas, 18 mi S of, on Dry Creek",47.75,-106.5,1919,USNM
Squamata,Coluber constrictor,Montana,"Lake Basin, 3 mi S of",45.8979345,-109.0885467,1917,USNM
Squamata,Heterodon nasicus,Montana,Crow Agency,45.6020465,-107.464496,1916,USNM
Squamata,Pituophis catenifer,Montana,Crow Agency,45.6020465,-107.464496,1916,USNM
Squamata,Phrynosoma hernandesi,Montana,Rosebud Creek,45.2032512,-107.0664794,1894,USNM
Squamata,Thamnophis sirtalis,Montana,"Big Timber Creek, near mouth",45.853329,-109.9355703,1917,USNM
Squamata,Thamnophis radix,Montana,Big Muddy River,48.1634575,-104.6294446,1874,USNM
Squamata,Thamnophis sirtalis,Montana,Lame Deer,45.6207514,-106.6754733,1916,USNM
Squamata,Thamnophis sirtalis,Montana,Billings,45.7241391,-108.5225281,1909,USNM
Squamata,Coluber constrictor,Montana,"Ashland, 10 mi W of",45.587954,-106.2724612,1916,USNM
Squamata,Sceloporus graciosus,Montana,Moorhead,45.0657592,-105.8794435,1916,USNM
Squamata,Thamnophis radix,Montana,"Frenchmans River, near",48.9640409,-107.4065411,1874,USNM
Squamata,Phrynosoma hernandesi,Montana,East Pryor Creek,45.4606,-108.317,1900,USNM
Squamata,Crotalus viridis,Montana,"Calypso, north side of Yellowstone River",46.7712546,-105.4214508,1918,USNM
Squamata,Thamnophis radix,Montana,"Brockton, 6 mi N of",48.2308559,-104.9114541,1922,USNM
Squamata,Sceloporus graciosus,Montana,Moorhead,45.0657592,-105.8794435,1916,USNM
Squamata,Coluber constrictor,Montana,East Pryor Creek,45.4606,-108.317,1900,USNM
Squamata,Thamnophis sirtalis,Montana,Billings,45.7241391,-108.5225281,1909,USNM
Testudines,Apalone spinifera,Montana,Crow Agency,45.6020465,-107.464496,1916,USNM
Squamata,Thamnophis radix,Montana,"Lismas, 18 mi S of, on Dry Creek",47.75,-106.5,1919,USNM
Squamata,Lampropeltis triangulum,Montana,Billings,45.7241391,-108.5225281,1909,USNM
Testudines,Apalone spinifera,Montana,Crow Agency,45.6020465,-107.464496,1916,USNM
Testudines,Apalone spinifera,Montana,Crow Agency,45.6020465,-107.464496,1916,USNM
Squamata,Thamnophis sirtalis,Montana,Billings,45.7241391,-108.5225281,1909,USNM
Squamata,Thamnophis sirtalis,Montana,Crow Agency,45.6020465,-107.464496,1916,USNM
Testudines,Chrysemys picta,Montana,East Pryor Creek,45.4606,-108.317,1900,USNM
Squamata,Coluber constrictor,Montana,Crow Agency,45.6020465,-107.464496,1916,USNM
Squamata,Thamnophis radix,Montana,"Miles City, 3 mi S of, on Tongue River",46.3611,-105.83,1918,USNM
Squamata,Heterodon nasicus,Montana,Billings,45.7241391,-108.5225281,1909,USNM
Squamata,Thamnophis radix,Montana,Glasgow,48.18,-106.63,1919,USNM
Squamata,Thamnophis sirtalis,Montana,Billings,45.7241391,-108.5225281,1909,USNM
Squamata,Crotalus viridis,Montana,2 mi W Fort Howe Ranger Station,45.292546,-106.188997,1947,MVZ
Squamata,Thamnophis elegans,Montana,2 mi W Fort Howe Ranger Station,45.292546,-106.188997,1947,MVZ
Squamata,Coluber constrictor,Montana,"Yellowstone River, 7 mi NE Glendive",47.198491,-104.654479,1947,MVZ
Squamata,Thamnophis elegans,Montana,2 mi from Shriver,45.209999,-108.474095,1947,MVZ
Squamata,Crotalus viridis,Montana,"Yellowstone River, 7 mi E Glendive",47.198491,-104.654479,1947,MVZ
Testudines,Chelydra serpentina,Montana,2 mi W Fort Howe Ranger Station,45.292546,-106.188997,1947,MVZ
Squamata,Coluber constrictor,Montana,7 mi SE Lame Deer,45.576474,-106.544012,1947,MVZ
Squamata,Thamnophis elegans,Montana,2 mi from Shriver,45.209999,-108.474095,1947,MVZ
Squamata,Sceloporus graciosus,Montana,1 mi W Fort Howe Ranger Station,45.279825,-106.251513,1947,MVZ
Squamata,Thamnophis elegans,Montana,Shriver,45.206412,-108.527736,1947,MVZ
Squamata,Thamnophis elegans,Montana,2 mi from Shriver,45.209999,-108.474095,1947,MVZ
Squamata,Coluber constrictor,Montana,6 mi W Park City,45.632594,-109.043055,1947,MVZ
Squamata,Coluber constrictor,Montana,2 mi E Lame Deer,45.624559,-106.626905,1947,MVZ
Squamata,Pituophis catenifer,Montana,11 mi W Ashland,45.599702,-106.497642,1947,MVZ
Squamata,Sceloporus graciosus,Montana,1 mi N Fort Howe Research Station,45.30535,-106.141915,1947,MVZ
Squamata,Sceloporus graciosus,Montana,1 mi W Fort Howe Ranger Station,45.279825,-106.251513,1947,MVZ
Squamata,Thamnophis elegans,Montana,South Fork Cutbank Creek,48.556537,-113.273739,1942,MVZ
Squamata,Pituophis catenifer,Montana,Hysham,46.293267,-107.228992,1941,MVZ
Squamata,Pituophis catenifer,Montana,Cartersville,46.293024,-106.466915,1941,MVZ
Testudines,Chrysemys picta,Montana,"Horse Creek, 5 mi W, 0.5 mi S Fort Howe Ranger Station",45.278476,-106.252248,1940,MVZ
Squamata,Phrynosoma hernandesi,Montana,"Yellowstone River, 5 mi W Forsyth",46.26478,-106.785312,1940,MVZ
Squamata,Pituophis catenifer,Montana,2 mi NW Lame Deer,45.647139,-106.700067,1940,MVZ
Squamata,Pituophis catenifer,Montana,"Yellowstone River, 5 mi W Forsyth",46.26478,-106.785312,1940,MVZ
Squamata,Coluber constrictor,Montana,"Yellowstone River, 5 mi W Forsyth",46.26478,-106.785312,1940,MVZ
Squamata,Coluber constrictor,Montana,4 mi W Fort Howe Ranger Station,45.285819,-106.222546,1940,MVZ
Squamata,Thamnophis elegans,Montana,"Yellowstone River, 5 mi W Forsyth",46.26478,-106.785312,1940,MVZ
Squamata,Heterodon nasicus,Montana,10 mi N Lee,45.964873,-106.650522,1940,MVZ
Squamata,Crotalus viridis,Montana,5 mi W Havre,48.563962,-109.790049,1937,MVZ
Squamata,Crotalus viridis,Montana,5 mi W Havre,48.563962,-109.790049,1937,MVZ
Testudines,Chrysemys picta,Montana,Miles City,46.4083,-105.84,1888,YPM
